,SOURCE,TARGET,WEIGHT
0,Name1161,Name1234,1
1,Name592,Name78,1
2,Name592,Name1947,1
3,Name592,Name757,1
4,Name592,Name1772,1
5,Name592,Name1872,1
6,Name1872,Name1772,1
7,Name1872,Name757,1
8,Name1872,Name1947,1
9,Name1872,Name78,1
10,Name1772,Name757,1
11,Name1772,Name1947,1
12,Name1772,Name78,1
13,Name757,Name1947,1
14,Name757,Name78,1
15,Name1947,Name78,1
16,Name885,Name364,1
17,Name885,Name954,1
18,Name885,Name1179,1
19,Name885,Name1509,1
20,Name1509,Name1179,1
21,Name1509,Name954,1
22,Name1509,Name364,1
23,Name1179,Name954,1
24,Name1179,Name364,1
25,Name954,Name364,1
26,Name1093,Name488,1
27,Name1093,Name929,1
28,Name1093,Name57,1
29,Name57,Name929,1
30,Name57,Name488,1
31,Name929,Name488,1
32,Name1196,Name1763,1
33,Name1196,Name502,1
34,Name502,Name1763,1
35,Name760,Name572,1
36,Name760,Name495,1
37,Name760,Name1918,1
38,Name760,Name460,1
39,Name760,Name31,1
40,Name760,Name76,1
41,Name76,Name31,1
42,Name76,Name460,1
43,Name76,Name1918,1
44,Name76,Name495,1
45,Name76,Name572,1
46,Name31,Name460,1
47,Name31,Name1918,1
48,Name31,Name495,1
49,Name31,Name572,1
50,Name460,Name1918,1
51,Name460,Name495,1
52,Name460,Name572,1
53,Name1918,Name495,1
54,Name1918,Name572,1
55,Name495,Name572,1
56,Name456,Name1501,1
57,Name456,Name732,1
58,Name456,Name395,1
59,Name456,Name354,1
60,Name354,Name395,1
61,Name354,Name732,1
62,Name354,Name1501,1
63,Name395,Name732,1
64,Name395,Name1501,1
65,Name732,Name1501,1
66,Name1456,Name922,1
67,Name1456,Name1475,1
68,Name1456,Name303,1
69,Name303,Name1475,1
70,Name303,Name922,1
71,Name1475,Name922,1
72,Name861,Name282,1
73,Name861,Name1727,1
74,Name861,Name77,1
75,Name861,Name471,1
76,Name861,Name987,1
77,Name861,Name1310,1
78,Name861,Name1353,1
79,Name1353,Name1310,1
80,Name1353,Name987,1
81,Name1353,Name471,1
82,Name1353,Name77,1
83,Name1353,Name1727,1
84,Name1353,Name282,1
85,Name1310,Name987,1
86,Name1310,Name471,1
87,Name1310,Name77,1
88,Name1310,Name1727,1
89,Name1310,Name282,1
90,Name987,Name471,1
91,Name987,Name77,1
92,Name987,Name1727,1
93,Name987,Name282,1
94,Name471,Name77,1
95,Name471,Name1727,1
96,Name471,Name282,1
97,Name77,Name1727,1
98,Name77,Name282,1
99,Name1727,Name282,1
100,Name1571,Name984,1
101,Name1571,Name910,1
102,Name1571,Name1248,1
103,Name1248,Name910,1
104,Name1248,Name984,1
105,Name910,Name984,1
106,Name277,Name1396,1
107,Name277,Name1503,1
108,Name1503,Name1396,1
109,Name763,Name1485,1
110,Name763,Name1488,1
111,Name763,Name99,1
112,Name763,Name1792,1
113,Name1792,Name99,1
114,Name1792,Name1488,1
115,Name1792,Name1485,1
116,Name99,Name1488,1
117,Name99,Name1485,1
118,Name1488,Name1485,1
119,Name1701,Name727,1
120,Name337,Name79,1
121,Name337,Name560,1
122,Name560,Name79,1
123,Name947,Name1523,1
124,Name947,Name1459,1
125,Name947,Name1841,1
126,Name947,Name1452,1
127,Name947,Name1842,1
128,Name947,Name1051,1
129,Name1051,Name1842,1
130,Name1051,Name1452,1
131,Name1051,Name1841,1
132,Name1051,Name1459,1
133,Name1051,Name1523,1
134,Name1842,Name1452,1
135,Name1842,Name1841,1
136,Name1842,Name1459,1
137,Name1842,Name1523,1
138,Name1452,Name1841,1
139,Name1452,Name1459,1
140,Name1452,Name1523,1
141,Name1841,Name1459,1
142,Name1841,Name1523,1
143,Name1459,Name1523,1
144,Name494,Name1092,1
145,Name494,Name469,1
146,Name494,Name138,1
147,Name494,Name1569,1
148,Name1569,Name138,1
149,Name1569,Name469,1
150,Name1569,Name1092,1
151,Name138,Name469,1
152,Name138,Name1092,1
153,Name469,Name1092,1
154,Name1582,Name375,1
155,Name1582,Name402,1
156,Name402,Name375,1
157,Name301,Name23,1
158,Name393,Name978,1
159,Name393,Name71,1
160,Name393,Name1514,1
161,Name1514,Name71,1
162,Name1514,Name978,1
163,Name71,Name978,1
164,Name1829,Name231,1
165,Name648,Name567,1
166,Name648,Name609,1
167,Name648,Name644,1
168,Name648,Name1219,1
169,Name648,Name178,1
170,Name178,Name1219,1
171,Name178,Name644,1
172,Name178,Name609,1
173,Name178,Name567,1
174,Name1219,Name644,1
175,Name1219,Name609,1
176,Name1219,Name567,1
177,Name644,Name609,1
178,Name644,Name567,1
179,Name609,Name567,1
180,Name1791,Name302,1
181,Name352,Name1864,1
182,Name352,Name918,1
183,Name352,Name1942,1
184,Name352,Name90,1
185,Name352,Name1831,1
186,Name352,Name482,1
187,Name352,Name285,1
188,Name352,Name431,1
189,Name431,Name285,1
190,Name431,Name482,1
191,Name431,Name1831,1
192,Name431,Name90,1
193,Name431,Name1942,1
194,Name431,Name918,1
195,Name431,Name1864,1
196,Name285,Name482,1
197,Name285,Name1831,1
198,Name285,Name90,1
199,Name285,Name1942,1
200,Name285,Name918,1
201,Name285,Name1864,1
202,Name482,Name1831,1
203,Name482,Name90,1
204,Name482,Name1942,1
205,Name482,Name918,1
206,Name482,Name1864,1
207,Name1831,Name90,1
208,Name1831,Name1942,1
209,Name1831,Name918,1
210,Name1831,Name1864,1
211,Name90,Name1942,1
212,Name90,Name918,1
213,Name90,Name1864,1
214,Name1942,Name918,1
215,Name1942,Name1864,1
216,Name918,Name1864,1
217,Name634,Name468,1
218,Name634,Name803,1
219,Name634,Name712,1
220,Name634,Name526,1
221,Name634,Name448,1
222,Name634,Name41,1
223,Name41,Name448,1
224,Name41,Name526,1
225,Name41,Name712,1
226,Name41,Name803,1
227,Name41,Name468,1
228,Name448,Name526,1
229,Name448,Name712,1
230,Name448,Name803,1
231,Name448,Name468,1
232,Name526,Name712,1
233,Name526,Name803,1
234,Name526,Name468,1
235,Name712,Name803,1
236,Name712,Name468,1
237,Name803,Name468,1
238,Name379,Name1812,1
239,Name379,Name647,1
240,Name379,Name1375,1
241,Name1375,Name647,1
242,Name1375,Name1812,1
243,Name647,Name1812,1
244,Name851,Name584,1
245,Name851,Name1111,1
246,Name1111,Name584,1
247,Name810,Name1442,1
248,Name810,Name1617,1
249,Name810,Name1143,1
250,Name810,Name1777,1
251,Name1777,Name1143,1
252,Name1777,Name1617,1
253,Name1777,Name1442,1
254,Name1143,Name1617,1
255,Name1143,Name1442,1
256,Name1617,Name1442,1
257,Name1442,Name1442,1
258,Name1442,Name1617,1
259,Name1442,Name1442,1
260,Name1442,Name1617,1
261,Name1442,Name1442,1
262,Name1617,Name1442,1
263,Name895,Name1319,1
264,Name1539,Name232,1
265,Name1539,Name926,1
266,Name1539,Name1424,1
267,Name1424,Name926,1
268,Name1424,Name232,1
269,Name926,Name232,1
270,Name957,Name1336,1
271,Name957,Name333,1
272,Name957,Name195,1
273,Name957,Name1750,1
274,Name957,Name784,1
275,Name957,Name1637,1
276,Name1637,Name784,1
277,Name1637,Name1750,1
278,Name1637,Name195,1
279,Name1637,Name333,1
280,Name1637,Name1336,1
281,Name784,Name1750,1
282,Name784,Name195,1
283,Name784,Name333,1
284,Name784,Name1336,1
285,Name1750,Name195,1
286,Name1750,Name333,1
287,Name1750,Name1336,1
288,Name195,Name333,1
289,Name195,Name1336,1
290,Name333,Name1336,1
291,Name857,Name1013,1
292,Name1130,Name1839,1
293,Name1130,Name1014,1
294,Name1014,Name1839,1
295,Name1839,Name1014,1
296,Name591,Name67,1
297,Name591,Name802,1
298,Name591,Name971,1
299,Name591,Name1749,1
300,Name1749,Name971,1
301,Name1749,Name802,1
302,Name1749,Name67,1
303,Name971,Name802,1
304,Name971,Name67,1
305,Name802,Name67,1
306,Name113,Name1294,1
307,Name1344,Name1119,1
308,Name1344,Name1654,1
309,Name1344,Name946,1
310,Name1344,Name1680,1
311,Name1344,Name417,1
312,Name1344,Name605,1
313,Name605,Name417,1
314,Name605,Name1680,1
315,Name605,Name946,1
316,Name605,Name1654,1
317,Name605,Name1119,1
318,Name417,Name1680,1
319,Name417,Name946,1
320,Name417,Name1654,1
321,Name417,Name1119,1
322,Name1680,Name946,1
323,Name1680,Name1654,1
324,Name1680,Name1119,1
325,Name946,Name1654,1
326,Name946,Name1119,1
327,Name1654,Name1119,1
328,Name539,Name1290,1
329,Name539,Name1382,1
330,Name539,Name153,1
331,Name539,Name684,1
332,Name539,Name1603,1
333,Name1603,Name684,1
334,Name1603,Name153,1
335,Name1603,Name1382,1
336,Name1603,Name1290,1
337,Name684,Name153,1
338,Name684,Name1382,1
339,Name684,Name1290,1
340,Name153,Name1382,1
341,Name153,Name1290,1
342,Name1382,Name1290,1
343,Name187,Name40,1
344,Name187,Name1678,1
345,Name1678,Name40,1
346,Name1360,Name602,1
347,Name1360,Name982,1
348,Name1360,Name1185,1
349,Name1360,Name436,1
350,Name436,Name1185,1
351,Name436,Name982,1
352,Name436,Name602,1
353,Name1185,Name982,1
354,Name1185,Name602,1
355,Name982,Name602,1
356,Name233,Name1745,1
357,Name233,Name95,1
358,Name233,Name1684,1
359,Name1684,Name95,1
360,Name1684,Name1745,1
361,Name95,Name1745,1
362,Name1745,Name1745,1
363,Name1745,Name95,1
364,Name1745,Name95,1
365,Name293,Name750,1
366,Name293,Name839,1
367,Name839,Name750,1
368,Name312,Name963,1
369,Name213,Name970,1
370,Name213,Name205,1
371,Name213,Name274,1
372,Name274,Name205,1
373,Name274,Name970,1
374,Name205,Name970,1
375,Name374,Name1588,1
376,Name374,Name1781,1
377,Name374,Name158,1
378,Name374,Name1755,1
379,Name1755,Name158,1
380,Name1755,Name1781,1
381,Name1755,Name1588,1
382,Name158,Name1781,1
383,Name158,Name1588,1
384,Name1781,Name1588,1
385,Name1062,Name1066,1
386,Name1062,Name1718,1
387,Name1062,Name1725,1
388,Name1062,Name1650,1
389,Name1062,Name1387,1
390,Name1062,Name764,1
391,Name764,Name1387,1
392,Name764,Name1650,1
393,Name764,Name1725,1
394,Name764,Name1718,1
395,Name764,Name1066,1
396,Name1387,Name1650,1
397,Name1387,Name1725,1
398,Name1387,Name1718,1
399,Name1387,Name1066,1
400,Name1650,Name1725,1
401,Name1650,Name1718,1
402,Name1650,Name1066,1
403,Name1725,Name1718,1
404,Name1725,Name1066,1
405,Name1718,Name1066,1
406,Name1587,Name1017,1
407,Name1587,Name883,1
408,Name1587,Name1338,1
409,Name1587,Name349,1
410,Name1587,Name500,1
411,Name500,Name349,1
412,Name500,Name1338,1
413,Name500,Name883,1
414,Name500,Name1017,1
415,Name349,Name1338,1
416,Name349,Name883,1
417,Name349,Name1017,1
418,Name1338,Name883,1
419,Name1338,Name1017,1
420,Name883,Name1017,1
421,Name1548,Name66,1
422,Name1548,Name1086,1
423,Name1548,Name1558,1
424,Name1548,Name50,1
425,Name50,Name1558,1
426,Name50,Name1086,1
427,Name50,Name66,1
428,Name1558,Name1086,1
429,Name1558,Name66,1
430,Name1086,Name66,1
431,Name896,Name1124,1
432,Name896,Name1252,1
433,Name1252,Name1124,1
434,Name435,Name46,1
435,Name199,Name832,1
436,Name199,Name631,1
437,Name199,Name1293,1
438,Name1293,Name631,1
439,Name1293,Name832,1
440,Name631,Name832,1
441,Name203,Name1172,1
442,Name203,Name1517,1
443,Name203,Name237,1
444,Name203,Name334,1
445,Name203,Name821,1
446,Name821,Name334,1
447,Name821,Name237,1
448,Name821,Name1517,1
449,Name821,Name1172,1
450,Name334,Name237,1
451,Name334,Name1517,1
452,Name334,Name1172,1
453,Name237,Name1517,1
454,Name237,Name1172,1
455,Name1517,Name1172,1
456,Name799,Name1697,1
457,Name799,Name721,1
458,Name799,Name1951,1
459,Name799,Name1687,1
460,Name1687,Name1951,1
461,Name1687,Name721,1
462,Name1687,Name1697,1
463,Name1951,Name721,1
464,Name1951,Name1697,1
465,Name721,Name1697,1
466,Name120,Name1257,1
467,Name120,Name442,1
468,Name442,Name1257,1
469,Name189,Name1823,1
470,Name189,Name659,1
471,Name189,Name1346,1
472,Name1346,Name659,1
473,Name1346,Name1823,1
474,Name659,Name1823,1
475,Name755,Name1101,1
476,Name755,Name362,1
477,Name755,Name1875,1
478,Name755,Name307,1
479,Name755,Name1479,1
480,Name755,Name1334,1
481,Name1334,Name1479,1
482,Name1334,Name307,1
483,Name1334,Name1875,1
484,Name1334,Name362,1
485,Name1334,Name1101,1
486,Name1479,Name307,1
487,Name1479,Name1875,1
488,Name1479,Name362,1
489,Name1479,Name1101,1
490,Name307,Name1875,1
491,Name307,Name362,1
492,Name307,Name1101,1
493,Name1875,Name362,1
494,Name1875,Name1101,1
495,Name362,Name1101,1
496,Name1782,Name1277,1
497,Name1782,Name1759,1
498,Name1782,Name1004,1
499,Name1004,Name1759,1
500,Name1004,Name1277,1
501,Name1759,Name1277,1
502,Name606,Name699,1
503,Name606,Name686,1
504,Name606,Name1594,1
505,Name606,Name621,1
506,Name621,Name1594,1
507,Name621,Name686,1
508,Name621,Name699,1
509,Name1594,Name686,1
510,Name1594,Name699,1
511,Name686,Name699,1
512,Name699,Name699,1
513,Name699,Name686,1
514,Name699,Name699,1
515,Name699,Name686,1
516,Name699,Name699,1
517,Name686,Name699,1
518,Name658,Name1525,1
519,Name658,Name1328,1
520,Name658,Name1426,1
521,Name658,Name585,1
522,Name658,Name220,1
523,Name220,Name585,1
524,Name220,Name1426,1
525,Name220,Name1328,1
526,Name220,Name1525,1
527,Name585,Name1426,1
528,Name585,Name1328,1
529,Name585,Name1525,1
530,Name1426,Name1328,1
531,Name1426,Name1525,1
532,Name1328,Name1525,1
533,Name145,Name794,1
534,Name145,Name1260,1
535,Name1260,Name794,1
536,Name523,Name38,1
537,Name1761,Name950,1
538,Name1761,Name1510,1
539,Name1761,Name1602,1
540,Name1602,Name1510,1
541,Name1602,Name950,1
542,Name1510,Name950,1
543,Name1736,Name193,1
544,Name1736,Name265,1
545,Name1736,Name1254,1
546,Name1736,Name1052,1
547,Name1052,Name1254,1
548,Name1052,Name265,1
549,Name1052,Name193,1
550,Name1254,Name265,1
551,Name1254,Name193,1
552,Name265,Name193,1
553,Name701,Name1738,1
554,Name701,Name842,1
555,Name701,Name422,1
556,Name701,Name1598,1
557,Name701,Name455,1
558,Name701,Name1682,1
559,Name1682,Name455,1
560,Name1682,Name1598,1
561,Name1682,Name422,1
562,Name1682,Name842,1
563,Name1682,Name1738,1
564,Name455,Name1598,1
565,Name455,Name422,1
566,Name455,Name842,1
567,Name455,Name1738,1
568,Name1598,Name422,1
569,Name1598,Name842,1
570,Name1598,Name1738,1
571,Name422,Name842,1
572,Name422,Name1738,1
573,Name842,Name1738,1
574,Name981,Name1213,1
575,Name981,Name1270,1
576,Name981,Name847,1
577,Name981,Name564,1
578,Name981,Name1472,1
579,Name1472,Name564,1
580,Name1472,Name847,1
581,Name1472,Name1270,1
582,Name1472,Name1213,1
583,Name564,Name847,1
584,Name564,Name1270,1
585,Name564,Name1213,1
586,Name847,Name1270,1
587,Name847,Name1213,1
588,Name1270,Name1213,1
589,Name1879,Name450,1
590,Name1879,Name649,1
591,Name1879,Name1255,1
592,Name1255,Name649,1
593,Name1255,Name450,1
594,Name649,Name450,1
595,Name1541,Name754,1
596,Name1541,Name1624,1
597,Name1541,Name331,1
598,Name1541,Name1618,1
599,Name1618,Name331,1
600,Name1618,Name1624,1
601,Name1618,Name754,1
602,Name331,Name1624,1
603,Name331,Name754,1
604,Name1624,Name754,1
605,Name909,Name1246,1
606,Name909,Name1070,1
607,Name1070,Name1246,1
608,Name320,Name299,1
609,Name1668,Name386,1
610,Name1668,Name1515,1
611,Name1515,Name386,1
612,Name355,Name1944,1
613,Name355,Name1159,1
614,Name355,Name1769,1
615,Name1769,Name1159,1
616,Name1769,Name1944,1
617,Name1159,Name1944,1
618,Name264,Name1174,1
619,Name264,Name1681,1
620,Name1681,Name1174,1
621,Name920,Name1447,1
622,Name920,Name1555,1
623,Name920,Name703,1
624,Name920,Name1298,1
625,Name1298,Name703,1
626,Name1298,Name1555,1
627,Name1298,Name1447,1
628,Name703,Name1555,1
629,Name703,Name1447,1
630,Name1555,Name1447,1
631,Name744,Name353,1
632,Name744,Name1224,1
633,Name744,Name44,1
634,Name744,Name1583,1
635,Name744,Name110,1
636,Name744,Name747,1
637,Name747,Name110,1
638,Name747,Name1583,1
639,Name747,Name44,1
640,Name747,Name1224,1
641,Name747,Name353,1
642,Name110,Name1583,1
643,Name110,Name44,1
644,Name110,Name1224,1
645,Name110,Name353,1
646,Name1583,Name44,1
647,Name1583,Name1224,1
648,Name1583,Name353,1
649,Name44,Name1224,1
650,Name44,Name353,1
651,Name1224,Name353,1
652,Name1653,Name1018,1
653,Name1429,Name874,1
654,Name1511,Name1877,1
655,Name1511,Name1762,1
656,Name1762,Name1877,1
657,Name1866,Name1679,1
658,Name1866,Name989,1
659,Name1866,Name1273,1
660,Name1273,Name989,1
661,Name1273,Name1679,1
662,Name989,Name1679,1
663,Name1232,Name1146,1
664,Name1232,Name358,1
665,Name1232,Name619,1
666,Name1232,Name406,1
667,Name1232,Name768,1
668,Name768,Name406,1
669,Name768,Name619,1
670,Name768,Name358,1
671,Name768,Name1146,1
672,Name406,Name619,1
673,Name406,Name358,1
674,Name406,Name1146,1
675,Name619,Name358,1
676,Name619,Name1146,1
677,Name358,Name1146,1
678,Name444,Name1289,1
679,Name444,Name344,1
680,Name344,Name1289,1
681,Name906,Name201,1
682,Name906,Name903,1
683,Name906,Name1349,1
684,Name1349,Name903,1
685,Name1349,Name201,1
686,Name903,Name201,1
687,Name214,Name1597,1
688,Name214,Name1904,1
689,Name214,Name1361,1
690,Name214,Name662,1
691,Name662,Name1361,1
692,Name662,Name1904,1
693,Name662,Name1597,1
694,Name1361,Name1904,1
695,Name1361,Name1597,1
696,Name1904,Name1597,1
697,Name864,Name673,1
698,Name1381,Name1372,1
699,Name1381,Name1083,1
700,Name1381,Name347,1
701,Name347,Name1083,1
702,Name347,Name1372,1
703,Name1083,Name1372,1
704,Name576,Name786,1
705,Name576,Name1183,1
706,Name576,Name1553,1
707,Name576,Name931,1
708,Name931,Name1553,1
709,Name931,Name1183,1
710,Name931,Name786,1
711,Name1553,Name1183,1
712,Name1553,Name786,1
713,Name1183,Name786,1
714,Name413,Name1376,1
715,Name413,Name251,1
716,Name413,Name135,1
717,Name413,Name527,1
718,Name413,Name266,1
719,Name413,Name504,1
720,Name504,Name266,1
721,Name504,Name527,1
722,Name504,Name135,1
723,Name504,Name251,1
724,Name504,Name1376,1
725,Name266,Name527,1
726,Name266,Name135,1
727,Name266,Name251,1
728,Name266,Name1376,1
729,Name527,Name135,1
730,Name527,Name251,1
731,Name527,Name1376,1
732,Name135,Name251,1
733,Name135,Name1376,1
734,Name251,Name1376,1
735,Name259,Name407,1
736,Name259,Name753,1
737,Name753,Name407,1
738,Name1121,Name1578,1
739,Name1121,Name7,1
740,Name1121,Name682,1
741,Name1121,Name1843,1
742,Name1843,Name682,1
743,Name1843,Name7,1
744,Name1843,Name1578,1
745,Name682,Name7,1
746,Name682,Name1578,1
747,Name7,Name1578,1
748,Name440,Name1139,1
749,Name440,Name1865,1
750,Name440,Name1813,1
751,Name440,Name48,1
752,Name440,Name925,1
753,Name925,Name48,1
754,Name925,Name1813,1
755,Name925,Name1865,1
756,Name925,Name1139,1
757,Name48,Name1813,1
758,Name48,Name1865,1
759,Name48,Name1139,1
760,Name1813,Name1865,1
761,Name1813,Name1139,1
762,Name1865,Name1139,1
763,Name1391,Name252,1
764,Name1391,Name414,1
765,Name414,Name252,1
766,Name252,Name414,1
767,Name1816,Name1268,1
768,Name1816,Name275,1
769,Name1816,Name221,1
770,Name1816,Name1229,1
771,Name1229,Name221,1
772,Name1229,Name275,1
773,Name1229,Name1268,1
774,Name221,Name275,1
775,Name221,Name1268,1
776,Name275,Name1268,1
777,Name1192,Name1288,1
778,Name1192,Name1406,1
779,Name1406,Name1288,1
780,Name1626,Name326,1
781,Name1626,Name706,1
782,Name1626,Name1620,1
783,Name1626,Name107,1
784,Name1626,Name1281,1
785,Name1281,Name107,1
786,Name1281,Name1620,1
787,Name1281,Name706,1
788,Name1281,Name326,1
789,Name107,Name1620,1
790,Name107,Name706,1
791,Name107,Name326,1
792,Name1620,Name706,1
793,Name1620,Name326,1
794,Name706,Name326,1
795,Name1355,Name350,1
796,Name1355,Name746,1
797,Name1355,Name1205,1
798,Name1355,Name18,1
799,Name18,Name1205,1
800,Name18,Name746,1
801,Name18,Name350,1
802,Name1205,Name746,1
803,Name1205,Name350,1
804,Name746,Name350,1
805,Name1584,Name586,1
806,Name1584,Name745,1
807,Name1584,Name546,1
808,Name546,Name745,1
809,Name546,Name586,1
810,Name745,Name586,1
811,Name1915,Name315,1
812,Name1915,Name477,1
813,Name1915,Name1155,1
814,Name1915,Name1064,1
815,Name1915,Name136,1
816,Name1915,Name1414,1
817,Name1414,Name136,1
818,Name1414,Name1064,1
819,Name1414,Name1155,1
820,Name1414,Name477,1
821,Name1414,Name315,1
822,Name136,Name1064,1
823,Name136,Name1155,1
824,Name136,Name477,1
825,Name136,Name315,1
826,Name1064,Name1155,1
827,Name1064,Name477,1
828,Name1064,Name315,1
829,Name1155,Name477,1
830,Name1155,Name315,1
831,Name477,Name315,1
832,Name1845,Name1840,1
833,Name1845,Name348,1
834,Name1845,Name1145,1
835,Name1845,Name553,1
836,Name1845,Name1665,1
837,Name1665,Name553,1
838,Name1665,Name1145,1
839,Name1665,Name348,1
840,Name1665,Name1840,1
841,Name553,Name1145,1
842,Name553,Name348,1
843,Name553,Name1840,1
844,Name1145,Name348,1
845,Name1145,Name1840,1
846,Name348,Name1840,1
847,Name140,Name273,1
848,Name140,Name343,1
849,Name140,Name1325,1
850,Name140,Name441,1
851,Name441,Name1325,1
852,Name441,Name343,1
853,Name441,Name273,1
854,Name1325,Name343,1
855,Name1325,Name273,1
856,Name343,Name273,1
857,Name147,Name781,1
858,Name147,Name1851,1
859,Name147,Name1135,1
860,Name147,Name182,1
861,Name147,Name294,1
862,Name147,Name514,1
863,Name147,Name1188,1
864,Name1188,Name514,1
865,Name1188,Name294,1
866,Name1188,Name182,1
867,Name1188,Name1135,1
868,Name1188,Name1851,1
869,Name1188,Name781,1
870,Name514,Name294,1
871,Name514,Name182,1
872,Name514,Name1135,1
873,Name514,Name1851,1
874,Name514,Name781,1
875,Name294,Name182,1
876,Name294,Name1135,1
877,Name294,Name1851,1
878,Name294,Name781,1
879,Name182,Name1135,1
880,Name182,Name1851,1
881,Name182,Name781,1
882,Name1135,Name1851,1
883,Name1135,Name781,1
884,Name1851,Name781,1
885,Name1209,Name1109,1
886,Name761,Name1659,1
887,Name761,Name1788,1
888,Name761,Name1894,1
889,Name1894,Name1788,1
890,Name1894,Name1659,1
891,Name1788,Name1659,1
892,Name1483,Name1399,1
893,Name1483,Name570,1
894,Name570,Name1399,1
895,Name915,Name1796,1
896,Name185,Name1671,1
897,Name185,Name65,1
898,Name185,Name581,1
899,Name185,Name1629,1
900,Name185,Name1770,1
901,Name1770,Name1629,1
902,Name1770,Name581,1
903,Name1770,Name65,1
904,Name1770,Name1671,1
905,Name1629,Name581,1
906,Name1629,Name65,1
907,Name1629,Name1671,1
908,Name581,Name65,1
909,Name581,Name1671,1
910,Name65,Name1671,1
911,Name491,Name1027,1
912,Name491,Name1393,1
913,Name491,Name620,1
914,Name491,Name1619,1
915,Name491,Name410,1
916,Name491,Name1714,1
917,Name1714,Name410,1
918,Name1714,Name1619,1
919,Name1714,Name620,1
920,Name1714,Name1393,1
921,Name1714,Name1027,1
922,Name410,Name1619,1
923,Name410,Name620,1
924,Name410,Name1393,1
925,Name410,Name1027,1
926,Name1619,Name620,1
927,Name1619,Name1393,1
928,Name1619,Name1027,1
929,Name620,Name1393,1
930,Name620,Name1027,1
931,Name1393,Name1027,1
932,Name1913,Name1900,1
933,Name1913,Name168,1
934,Name168,Name1900,1
935,Name1746,Name1165,1
936,Name1746,Name1674,1
937,Name1746,Name261,1
938,Name261,Name1674,1
939,Name261,Name1165,1
940,Name1674,Name1165,1
941,Name28,Name1226,1
942,Name28,Name1928,1
943,Name28,Name52,1
944,Name28,Name945,1
945,Name945,Name52,1
946,Name945,Name1928,1
947,Name945,Name1226,1
948,Name52,Name1928,1
949,Name52,Name1226,1
950,Name1928,Name1226,1
951,Name894,Name565,1
952,Name894,Name862,1
953,Name862,Name565,1
954,Name476,Name1917,1
955,Name476,Name127,1
956,Name476,Name238,1
957,Name476,Name197,1
958,Name476,Name1903,1
959,Name476,Name1526,1
960,Name1526,Name1903,1
961,Name1526,Name197,1
962,Name1526,Name238,1
963,Name1526,Name127,1
964,Name1526,Name1917,1
965,Name1903,Name197,1
966,Name1903,Name238,1
967,Name1903,Name127,1
968,Name1903,Name1917,1
969,Name197,Name238,1
970,Name197,Name127,1
971,Name197,Name1917,1
972,Name238,Name127,1
973,Name238,Name1917,1
974,Name127,Name1917,1
975,Name952,Name1026,1
976,Name952,Name69,1
977,Name952,Name938,1
978,Name952,Name313,1
979,Name952,Name809,1
980,Name809,Name313,1
981,Name809,Name938,1
982,Name809,Name69,1
983,Name809,Name1026,1
984,Name313,Name938,1
985,Name313,Name69,1
986,Name313,Name1026,1
987,Name938,Name69,1
988,Name938,Name1026,1
989,Name69,Name1026,1
990,Name1595,Name17,1
991,Name1595,Name825,1
992,Name1595,Name1600,1
993,Name1595,Name292,1
994,Name292,Name1600,1
995,Name292,Name825,1
996,Name292,Name17,1
997,Name1600,Name825,1
998,Name1600,Name17,1
999,Name825,Name17,1
1000,Name905,Name459,1
1001,Name905,Name24,1
1002,Name905,Name1766,1
1003,Name1766,Name24,1
1004,Name1766,Name459,1
1005,Name24,Name459,1
1006,Name206,Name1392,1
1007,Name206,Name1348,1
1008,Name1348,Name1392,1
1009,Name1489,Name724,1
1010,Name1489,Name1194,1
1011,Name1489,Name438,1
1012,Name1489,Name908,1
1013,Name1489,Name26,1
1014,Name1489,Name1272,1
1015,Name1272,Name26,1
1016,Name1272,Name908,1
1017,Name1272,Name438,1
1018,Name1272,Name1194,1
1019,Name1272,Name724,1
1020,Name26,Name908,1
1021,Name26,Name438,1
1022,Name26,Name1194,1
1023,Name26,Name724,1
1024,Name908,Name438,1
1025,Name908,Name1194,1
1026,Name908,Name724,1
1027,Name438,Name1194,1
1028,Name438,Name724,1
1029,Name1194,Name724,1
1030,Name63,Name1094,1
1031,Name1138,Name1373,1
1032,Name1138,Name131,1
1033,Name131,Name1373,1
1034,Name272,Name316,1
1035,Name272,Name73,1
1036,Name272,Name1231,1
1037,Name272,Name1365,1
1038,Name1365,Name1231,1
1039,Name1365,Name73,1
1040,Name1365,Name316,1
1041,Name1231,Name73,1
1042,Name1231,Name316,1
1043,Name73,Name316,1
1044,Name611,Name995,1
1045,Name611,Name258,1
1046,Name611,Name1057,1
1047,Name1057,Name258,1
1048,Name1057,Name995,1
1049,Name258,Name995,1
1050,Name1150,Name827,1
1051,Name1269,Name116,1
1052,Name1269,Name528,1
1053,Name528,Name116,1
1054,Name690,Name674,1
1055,Name690,Name796,1
1056,Name690,Loina Msigwa,1
1057,Loina Msigwa,Name796,1
1058,Loina Msigwa,Name674,1
1059,Name796,Name674,1
1060,Name869,Name378,1
1061,Name869,Name1822,1
1062,Name1822,Name378,1
1063,Name1102,Name949,1
1064,Name1102,Name600,1
1065,Name1102,Name1366,1
1066,Name1102,Name928,1
1067,Name1102,Name627,1
1068,Name1102,Name1072,1
1069,Name1072,Name627,1
1070,Name1072,Name928,1
1071,Name1072,Name1366,1
1072,Name1072,Name600,1
1073,Name1072,Name949,1
1074,Name627,Name928,1
1075,Name627,Name1366,1
1076,Name627,Name600,1
1077,Name627,Name949,1
1078,Name928,Name1366,1
1079,Name928,Name600,1
1080,Name928,Name949,1
1081,Name1366,Name600,1
1082,Name1366,Name949,1
1083,Name600,Name949,1
1084,Name949,Name949,1
1085,Name949,Name600,1
1086,Name949,Name949,1
1087,Name949,Name600,1
1088,Name949,Name1366,1
1089,Name949,Name600,1
1090,Name949,Name949,1
1091,Name949,Name600,1
1092,Name949,Name1366,1
1093,Name600,Name949,1
1094,Name600,Name600,1
1095,Name600,Name1366,1
1096,Name949,Name600,1
1097,Name949,Name1366,1
1098,Name600,Name1366,1
1099,Name1833,Name1631,1
1100,Name181,Name1783,1
1101,Name181,Name834,1
1102,Name181,Name792,1
1103,Name181,Name1291,1
1104,Name1291,Name792,1
1105,Name1291,Name834,1
1106,Name1291,Name1783,1
1107,Name792,Name834,1
1108,Name792,Name1783,1
1109,Name834,Name1783,1
1110,Name815,Name400,1
1111,Name815,Name1623,1
1112,Name815,Name382,1
1113,Name382,Name1623,1
1114,Name382,Name400,1
1115,Name1623,Name400,1
1116,Name81,Name1122,1
1117,Name81,Name923,1
1118,Name81,Name1152,1
1119,Name81,Name1082,1
1120,Name81,Name283,1
1121,Name283,Name1082,1
1122,Name283,Name1152,1
1123,Name283,Name923,1
1124,Name283,Name1122,1
1125,Name1082,Name1152,1
1126,Name1082,Name923,1
1127,Name1082,Name1122,1
1128,Name1152,Name923,1
1129,Name1152,Name1122,1
1130,Name923,Name1122,1
1131,Name1906,Name369,1
1132,Name1906,Name176,1
1133,Name1906,Name1656,1
1134,Name1906,Name1575,1
1135,Name1906,Name1090,1
1136,Name1906,Name985,1
1137,Name985,Name1090,1
1138,Name985,Name1575,1
1139,Name985,Name1656,1
1140,Name985,Name176,1
1141,Name985,Name369,1
1142,Name1090,Name1575,1
1143,Name1090,Name1656,1
1144,Name1090,Name176,1
1145,Name1090,Name369,1
1146,Name1575,Name1656,1
1147,Name1575,Name176,1
1148,Name1575,Name369,1
1149,Name1656,Name176,1
1150,Name1656,Name369,1
1151,Name176,Name369,1
1152,Name782,Name223,1
1153,Name782,Name843,1
1154,Name843,Name223,1
1155,Name332,Name415,1
1156,Name332,Name58,1
1157,Name332,Name308,1
1158,Name308,Name58,1
1159,Name308,Name415,1
1160,Name58,Name415,1
1161,Name30,Name1858,1
1162,Name30,Name729,1
1163,Name30,Name1237,1
1164,Name30,Name1669,1
1165,Name1669,Name1237,1
1166,Name1669,Name729,1
1167,Name1669,Name1858,1
1168,Name1237,Name729,1
1169,Name1237,Name1858,1
1170,Name729,Name1858,1
1171,Name1484,Name830,1
1172,Name1484,Name1937,1
1173,Name1484,Name194,1
1174,Name1484,Name1924,1
1175,Name1484,Name846,1
1176,Name846,Name1924,1
1177,Name846,Name194,1
1178,Name846,Name1937,1
1179,Name846,Name830,1
1180,Name1924,Name194,1
1181,Name1924,Name1937,1
1182,Name1924,Name830,1
1183,Name194,Name1937,1
1184,Name194,Name830,1
1185,Name1937,Name830,1
1186,Name254,Name1946,1
1187,Name797,Name507,1
1188,Name797,Name1838,1
1189,Name797,Name787,1
1190,Name787,Name1838,1
1191,Name787,Name507,1
1192,Name1838,Name507,1
1193,Name479,Name405,1
1194,Name479,Name437,1
1195,Name479,Name889,1
1196,Name479,Name1458,1
1197,Name479,Name1081,1
1198,Name479,Name1873,1
1199,Name1873,Name1081,1
1200,Name1873,Name1458,1
1201,Name1873,Name889,1
1202,Name1873,Name437,1
1203,Name1873,Name405,1
1204,Name1081,Name1458,1
1205,Name1081,Name889,1
1206,Name1081,Name437,1
1207,Name1081,Name405,1
1208,Name1458,Name889,1
1209,Name1458,Name437,1
1210,Name1458,Name405,1
1211,Name889,Name437,1
1212,Name889,Name405,1
1213,Name437,Name405,1
1214,Name1168,Name429,1
1215,Name1168,Name91,1
1216,Name1168,Name446,1
1217,Name1168,Name1562,1
1218,Name1562,Name446,1
1219,Name1562,Name91,1
1220,Name1562,Name429,1
1221,Name446,Name91,1
1222,Name446,Name429,1
1223,Name91,Name429,1
1224,Name593,Name1862,1
1225,Name1565,Name339,1
1226,Name1071,Name1330,1
1227,Name1071,Name143,1
1228,Name1071,Name1104,1
1229,Name1104,Name143,1
1230,Name1104,Name1330,1
1231,Name143,Name1330,1
1232,Name805,Name1140,1
1233,Name1074,Name1805,1
1234,Name1074,Name902,1
1235,Name1074,Name828,1
1236,Name1074,Name1301,1
1237,Name1301,Name828,1
1238,Name1301,Name902,1
1239,Name1301,Name1805,1
1240,Name828,Name902,1
1241,Name828,Name1805,1
1242,Name902,Name1805,1
1243,Name657,Name785,1
1244,Name657,Name1400,1
1245,Name657,Name184,1
1246,Name184,Name1400,1
1247,Name184,Name785,1
1248,Name1400,Name785,1
1249,Name472,Name511,1
1250,Name472,Name1910,1
1251,Name1910,Name511,1
1252,Name664,Name758,1
1253,Name664,Name1053,1
1254,Name664,Name1435,1
1255,Name664,Name1147,1
1256,Name664,Name139,1
1257,Name139,Name1147,1
1258,Name139,Name1435,1
1259,Name139,Name1053,1
1260,Name139,Name758,1
1261,Name1147,Name1435,1
1262,Name1147,Name1053,1
1263,Name1147,Name758,1
1264,Name1435,Name1053,1
1265,Name1435,Name758,1
1266,Name1053,Name758,1
1267,Name997,Name510,1
1268,Name997,Name1564,1
1269,Name997,Name1690,1
1270,Name997,Name351,1
1271,Name997,Name1453,1
1272,Name997,Name1914,1
1273,Name1914,Name1453,1
1274,Name1914,Name351,1
1275,Name1914,Name1690,1
1276,Name1914,Name1564,1
1277,Name1914,Name510,1
1278,Name1453,Name351,1
1279,Name1453,Name1690,1
1280,Name1453,Name1564,1
1281,Name1453,Name510,1
1282,Name351,Name1690,1
1283,Name351,Name1564,1
1284,Name351,Name510,1
1285,Name1690,Name1564,1
1286,Name1690,Name510,1
1287,Name1564,Name510,1
1288,Name314,Name693,1
1289,Name314,Name1009,1
1290,Name314,Name443,1
1291,Name443,Name1009,1
1292,Name443,Name693,1
1293,Name1009,Name693,1
1294,Name624,Name1284,1
1295,Name624,Name683,1
1296,Name624,Name868,1
1297,Name624,Name1747,1
1298,Name1747,Name868,1
1299,Name1747,Name683,1
1300,Name1747,Name1284,1
1301,Name868,Name683,1
1302,Name868,Name1284,1
1303,Name683,Name1284,1
1304,Name726,Name1651,1
1305,Name726,Name543,1
1306,Name726,Name927,1
1307,Name726,Name618,1
1308,Name618,Name927,1
1309,Name618,Name543,1
1310,Name618,Name1651,1
1311,Name927,Name543,1
1312,Name927,Name1651,1
1313,Name543,Name1651,1
1314,Name965,Name1527,1
1315,Name965,Name1263,1
1316,Name965,Name1142,1
1317,Name965,Name1577,1
1318,Name1577,Name1142,1
1319,Name1577,Name1263,1
1320,Name1577,Name1527,1
1321,Name1142,Name1263,1
1322,Name1142,Name1527,1
1323,Name1263,Name1527,1
1324,Name1527,Name1527,1
1325,Name1527,Name1263,1
1326,Name1527,Name1527,1
1327,Name1527,Name1263,1
1328,Name1527,Name1527,1
1329,Name1263,Name1527,1
1330,Name1922,Name1337,1
1331,Name1922,Name1570,1
1332,Name1922,Name499,1
1333,Name1922,Name1469,1
1334,Name1469,Name499,1
1335,Name1469,Name1570,1
1336,Name1469,Name1337,1
1337,Name499,Name1570,1
1338,Name499,Name1337,1
1339,Name1570,Name1337,1
1340,Name1821,Name1938,1
1341,Name751,Name1156,1
1342,Name751,Name1369,1
1343,Name1369,Name1156,1
1344,Name689,Name1311,1
1345,Name689,Name1560,1
1346,Name689,Name1176,1
1347,Name1176,Name1560,1
1348,Name1176,Name1311,1
1349,Name1560,Name1311,1
1350,Name1775,Name1490,1
1351,Name1775,Name288,1
1352,Name1775,Name1778,1
1353,Name1775,Name547,1
1354,Name1775,Name845,1
1355,Name1775,Name980,1
1356,Name980,Name845,1
1357,Name980,Name547,1
1358,Name980,Name1778,1
1359,Name980,Name288,1
1360,Name980,Name1490,1
1361,Name845,Name547,1
1362,Name845,Name1778,1
1363,Name845,Name288,1
1364,Name845,Name1490,1
1365,Name547,Name1778,1
1366,Name547,Name288,1
1367,Name547,Name1490,1
1368,Name1778,Name288,1
1369,Name1778,Name1490,1
1370,Name288,Name1490,1
1371,Name1673,Name529,1
1372,Name1673,Name1884,1
1373,Name1673,Name524,1
1374,Name1673,Name1016,1
1375,Name1016,Name524,1
1376,Name1016,Name1884,1
1377,Name1016,Name529,1
1378,Name524,Name1884,1
1379,Name524,Name529,1
1380,Name1884,Name529,1
1381,Name55,Name1628,1
1382,Name55,Name235,1
1383,Name55,Name1590,1
1384,Name1590,Name235,1
1385,Name1590,Name1628,1
1386,Name235,Name1628,1
1387,Name1450,Name671,1
1388,Name1450,Name1563,1
1389,Name1563,Name671,1
1390,Name735,Name822,1
1391,Name1891,Name994,1
1392,Name1891,Name975,1
1393,Name1891,Name1556,1
1394,Name1891,Name1271,1
1395,Name1271,Name1556,1
1396,Name1271,Name975,1
1397,Name1271,Name994,1
1398,Name1556,Name975,1
1399,Name1556,Name994,1
1400,Name975,Name994,1
1401,Name1468,Name1198,1
1402,Name1468,Name1249,1
1403,Name1468,Name148,1
1404,Name148,Name1249,1
1405,Name148,Name1198,1
1406,Name1249,Name1198,1
1407,Name60,Name1327,1
1408,Name1547,Name859,1
1409,Name1547,Name1658,1
1410,Name1547,Name156,1
1411,Name1547,Name1040,1
1412,Name1547,Name654,1
1413,Name654,Name1040,1
1414,Name654,Name156,1
1415,Name654,Name1658,1
1416,Name654,Name859,1
1417,Name1040,Name156,1
1418,Name1040,Name1658,1
1419,Name1040,Name859,1
1420,Name156,Name1658,1
1421,Name156,Name859,1
1422,Name1658,Name859,1
1423,Name1462,Name1354,1
1424,Name1462,Name1315,1
1425,Name1315,Name1354,1
1426,Name1193,Name1332,1
1427,Name1193,Name1267,1
1428,Name1193,Name1652,1
1429,Name1652,Name1267,1
1430,Name1652,Name1332,1
1431,Name1267,Name1332,1
1432,Name587,Name630,1
1433,Name587,Name1324,1
1434,Name587,Name626,1
1435,Name587,Name1278,1
1436,Name587,Name1440,1
1437,Name587,Name202,1
1438,Name202,Name1440,1
1439,Name202,Name1278,1
1440,Name202,Name626,1
1441,Name202,Name1324,1
1442,Name202,Name630,1
1443,Name1440,Name1278,1
1444,Name1440,Name626,1
1445,Name1440,Name1324,1
1446,Name1440,Name630,1
1447,Name1278,Name626,1
1448,Name1278,Name1324,1
1449,Name1278,Name630,1
1450,Name626,Name1324,1
1451,Name626,Name630,1
1452,Name1324,Name630,1
1453,Name578,Name478,1
1454,Name670,Name1362,1
1455,Name670,Name276,1
1456,Name276,Name1362,1
1457,Name45,Name421,1
1458,Name45,Name743,1
1459,Name45,Name1760,1
1460,Name45,Name1173,1
1461,Name1173,Name1760,1
1462,Name1173,Name743,1
1463,Name1173,Name421,1
1464,Name1760,Name743,1
1465,Name1760,Name421,1
1466,Name743,Name421,1
1467,Name1437,Name555,1
1468,Name1437,Name97,1
1469,Name97,Name555,1
1470,Name824,Name381,1
1471,Name824,Name893,1
1472,Name824,Name716,1
1473,Name716,Name893,1
1474,Name716,Name381,1
1475,Name893,Name381,1
1476,Name1534,Name1433,1
1477,Name1534,Name960,1
1478,Name1534,Name1343,1
1479,Name1534,Name840,1
1480,Name1534,Name773,1
1481,Name773,Name840,1
1482,Name773,Name1343,1
1483,Name773,Name960,1
1484,Name773,Name1433,1
1485,Name840,Name1343,1
1486,Name840,Name960,1
1487,Name840,Name1433,1
1488,Name1343,Name960,1
1489,Name1343,Name1433,1
1490,Name960,Name1433,1
1491,Name324,Name1230,1
1492,Name1214,Name1939,1
1493,Name1214,Name1239,1
1494,Name1214,Name886,1
1495,Name1214,Name1108,1
1496,Name1108,Name886,1
1497,Name1108,Name1239,1
1498,Name1108,Name1939,1
1499,Name886,Name1239,1
1500,Name886,Name1939,1
1501,Name1239,Name1939,1
1502,Name575,Name691,1
1503,Name575,Name542,1
1504,Name575,Name1702,1
1505,Name1702,Name542,1
1506,Name1702,Name691,1
1507,Name542,Name691,1
1508,Name341,Name1078,1
1509,Name341,Name1630,1
1510,Name341,Name1579,1
1511,Name341,Name1722,1
1512,Name341,Name675,1
1513,Name341,Name1832,1
1514,Name1832,Name675,1
1515,Name1832,Name1722,1
1516,Name1832,Name1579,1
1517,Name1832,Name1630,1
1518,Name1832,Name1078,1
1519,Name675,Name1722,1
1520,Name675,Name1579,1
1521,Name675,Name1630,1
1522,Name675,Name1078,1
1523,Name1722,Name1579,1
1524,Name1722,Name1630,1
1525,Name1722,Name1078,1
1526,Name1579,Name1630,1
1527,Name1579,Name1078,1
1528,Name1630,Name1078,1
1529,Name321,Name1012,1
1530,Name321,Name1395,1
1531,Name1395,Name1012,1
1532,Name777,Name12,1
1533,Name1367,Name1039,1
1534,Name1367,Name1386,1
1535,Name1386,Name1039,1
1536,Name88,Name1422,1
1537,Name88,Name993,1
1538,Name88,Name1398,1
1539,Name1398,Name993,1
1540,Name1398,Name1422,1
1541,Name993,Name1422,1
1542,Name1283,Name1895,1
1543,Name1283,Name1244,1
1544,Name1244,Name1895,1
1545,Name1496,Name278,1
1546,Name1496,Name1403,1
1547,Name1496,Name1878,1
1548,Name1496,Name700,1
1549,Name700,Name1878,1
1550,Name700,Name1403,1
1551,Name700,Name278,1
1552,Name1878,Name1403,1
1553,Name1878,Name278,1
1554,Name1403,Name278,1
1555,Name1807,Name1744,1
1556,Name1592,Name1880,1
1557,Name1592,Name1752,1
1558,Name1592,Name720,1
1559,Name720,Name1752,1
1560,Name720,Name1880,1
1561,Name1752,Name1880,1
1562,Name1880,Name1880,1
1563,Name1880,Name1752,1
1564,Name1880,Name1752,1
1565,Name257,Name1202,1
1566,Name257,Name1909,1
1567,Name257,Name1704,1
1568,Name1704,Name1909,1
1569,Name1704,Name1202,1
1570,Name1909,Name1202,1
1571,Name1285,Name1425,1
1572,Name1285,Name641,1
1573,Name1285,Name1115,1
1574,Name1285,Name260,1
1575,Name1285,Name1384,1
1576,Name1285,Name1341,1
1577,Name1341,Name1384,1
1578,Name1341,Name260,1
1579,Name1341,Name1115,1
1580,Name1341,Name641,1
1581,Name1341,Name1425,1
1582,Name1384,Name260,1
1583,Name1384,Name1115,1
1584,Name1384,Name641,1
1585,Name1384,Name1425,1
1586,Name260,Name1115,1
1587,Name260,Name641,1
1588,Name260,Name1425,1
1589,Name1115,Name641,1
1590,Name1115,Name1425,1
1591,Name641,Name1425,1
1592,Name1907,Name236,1
1593,Name1907,Name62,1
1594,Name1907,Name480,1
1595,Name1907,Name401,1
1596,Name401,Name480,1
1597,Name401,Name62,1
1598,Name401,Name236,1
1599,Name480,Name62,1
1600,Name480,Name236,1
1601,Name62,Name236,1
1602,Name269,Name137,1
1603,Name759,Name1383,1
1604,Name759,Name1222,1
1605,Name759,Name948,1
1606,Name759,Name638,1
1607,Name759,Name1099,1
1608,Name1099,Name638,1
1609,Name1099,Name948,1
1610,Name1099,Name1222,1
1611,Name1099,Name1383,1
1612,Name638,Name948,1
1613,Name638,Name1222,1
1614,Name638,Name1383,1
1615,Name948,Name1222,1
1616,Name948,Name1383,1
1617,Name1222,Name1383,1
1618,Name1178,Name34,1
1619,Name1178,Name816,1
1620,Name1178,Name818,1
1621,Name1178,Name1596,1
1622,Name1178,Name416,1
1623,Name1178,Name718,1
1624,Name718,Name416,1
1625,Name718,Name1596,1
1626,Name718,Name818,1
1627,Name718,Name816,1
1628,Name718,Name34,1
1629,Name416,Name1596,1
1630,Name416,Name818,1
1631,Name416,Name816,1
1632,Name416,Name34,1
1633,Name1596,Name818,1
1634,Name1596,Name816,1
1635,Name1596,Name34,1
1636,Name818,Name816,1
1637,Name818,Name34,1
1638,Name816,Name34,1
1639,Name1518,Name1308,1
1640,Name1518,Name884,1
1641,Name1518,Name124,1
1642,Name1518,Name756,1
1643,Name756,Name124,1
1644,Name756,Name884,1
1645,Name756,Name1308,1
1646,Name124,Name884,1
1647,Name124,Name1308,1
1648,Name884,Name1308,1
1649,Name1056,Name112,1
1650,Name1056,Name1943,1
1651,Name1943,Name112,1
1652,Name1688,Name969,1
1653,Name1688,Name200,1
1654,Name1688,Name795,1
1655,Name795,Name200,1
1656,Name795,Name969,1
1657,Name200,Name969,1
1658,Name1068,Name998,1
1659,Name1276,Name1696,1
1660,Name1276,Name1846,1
1661,Name1846,Name1696,1
1662,Name1516,Name882,1
1663,Name1516,Name93,1
1664,Name1516,Name1385,1
1665,Name1516,Name725,1
1666,Name725,Name1385,1
1667,Name725,Name93,1
1668,Name725,Name882,1
1669,Name1385,Name93,1
1670,Name1385,Name882,1
1671,Name93,Name882,1
1672,Name882,Name882,1
1673,Name882,Name93,1
1674,Name882,Name882,1
1675,Name882,Name93,1
1676,Name882,Name882,1
1677,Name93,Name882,1
1678,Name1708,Name1861,1
1679,Name1708,Name1359,1
1680,Name1708,Name1235,1
1681,Name1708,Name247,1
1682,Name1708,Name1240,1
1683,Name1708,Name597,1
1684,Name1708,Name1885,1
1685,Name1885,Name597,1
1686,Name1885,Name1240,1
1687,Name1885,Name247,1
1688,Name1885,Name1235,1
1689,Name1885,Name1359,1
1690,Name1885,Name1861,1
1691,Name597,Name1240,1
1692,Name597,Name247,1
1693,Name597,Name1235,1
1694,Name597,Name1359,1
1695,Name597,Name1861,1
1696,Name1240,Name247,1
1697,Name1240,Name1235,1
1698,Name1240,Name1359,1
1699,Name1240,Name1861,1
1700,Name247,Name1235,1
1701,Name247,Name1359,1
1702,Name247,Name1861,1
1703,Name1235,Name1359,1
1704,Name1235,Name1861,1
1705,Name1359,Name1861,1
1706,Name1487,Name1732,1
1707,Name1487,Name1212,1
1708,Name1487,Name1112,1
1709,Name1487,Name709,1
1710,Name709,Name1112,1
1711,Name709,Name1212,1
1712,Name709,Name1732,1
1713,Name1112,Name1212,1
1714,Name1112,Name1732,1
1715,Name1212,Name1732,1
1716,Name1902,Name1467,1
1717,Name365,Name1292,1
1718,Name365,Name360,1
1719,Name365,Name1144,1
1720,Name365,Name1896,1
1721,Name365,Name1261,1
1722,Name365,Name512,1
1723,Name512,Name1261,1
1724,Name512,Name1896,1
1725,Name512,Name1144,1
1726,Name512,Name360,1
1727,Name512,Name1292,1
1728,Name1261,Name1896,1
1729,Name1261,Name1144,1
1730,Name1261,Name360,1
1731,Name1261,Name1292,1
1732,Name1896,Name1144,1
1733,Name1896,Name360,1
1734,Name1896,Name1292,1
1735,Name1144,Name360,1
1736,Name1144,Name1292,1
1737,Name360,Name1292,1
1738,Name1028,Name484,1
1739,Name1028,Name1464,1
1740,Name1028,Name1417,1
1741,Name1417,Name1464,1
1742,Name1417,Name484,1
1743,Name1464,Name484,1
1744,Name1505,Name1215,1
1745,Name1505,Name279,1
1746,Name1505,Name672,1
1747,Name1505,Name532,1
1748,Name1505,Name1670,1
1749,Name1670,Name532,1
1750,Name1670,Name672,1
1751,Name1670,Name279,1
1752,Name1670,Name1215,1
1753,Name532,Name672,1
1754,Name532,Name279,1
1755,Name532,Name1215,1
1756,Name672,Name279,1
1757,Name672,Name1215,1
1758,Name279,Name1215,1
1759,Name1739,Name823,1
1760,Name1739,Name1117,1
1761,Name1739,Name1280,1
1762,Name1739,Name1794,1
1763,Name1794,Name1280,1
1764,Name1794,Name1117,1
1765,Name1794,Name823,1
1766,Name1280,Name1117,1
1767,Name1280,Name823,1
1768,Name1117,Name823,1
1769,Name300,Name1789,1
1770,Name300,Name383,1
1771,Name300,Name552,1
1772,Name552,Name383,1
1773,Name552,Name1789,1
1774,Name383,Name1789,1
1775,Name1020,Name1073,1
1776,Name1020,Name1253,1
1777,Name1020,Name284,1
1778,Name1020,Name833,1
1779,Name833,Name284,1
1780,Name833,Name1253,1
1781,Name833,Name1073,1
1782,Name284,Name1253,1
1783,Name284,Name1073,1
1784,Name1253,Name1073,1
1785,Name1599,Name778,1
1786,Name1599,Name1312,1
1787,Name1312,Name778,1
1788,Name1175,Name1524,1
1789,Name1175,Name1835,1
1790,Name1175,Name104,1
1791,Name1175,Name1236,1
1792,Name1236,Name104,1
1793,Name1236,Name1835,1
1794,Name1236,Name1524,1
1795,Name104,Name1835,1
1796,Name104,Name1524,1
1797,Name1835,Name1524,1
1798,Name1486,Name636,1
1799,Name1478,Name493,1
1800,Name1478,Name1881,1
1801,Name1478,Name1491,1
1802,Name1478,Name470,1
1803,Name1478,Name1340,1
1804,Name1478,Name1666,1
1805,Name1666,Name1340,1
1806,Name1666,Name470,1
1807,Name1666,Name1491,1
1808,Name1666,Name1881,1
1809,Name1666,Name493,1
1810,Name1340,Name470,1
1811,Name1340,Name1491,1
1812,Name1340,Name1881,1
1813,Name1340,Name493,1
1814,Name470,Name1491,1
1815,Name470,Name1881,1
1816,Name470,Name493,1
1817,Name1491,Name1881,1
1818,Name1491,Name493,1
1819,Name1881,Name493,1
1820,Name596,Name1405,1
1821,Name596,Name1574,1
1822,Name596,Name68,1
1823,Name68,Name1574,1
1824,Name68,Name1405,1
1825,Name1574,Name1405,1
1826,Name651,Name1431,1
1827,Name1421,Name43,1
1828,Name1421,Name1113,1
1829,Name1113,Name43,1
1830,Name692,Name1636,1
1831,Name831,Name1720,1
1832,Name831,Name1182,1
1833,Name1182,Name1720,1
1834,Name409,Name559,1
1835,Name409,Name1133,1
1836,Name1133,Name559,1
1837,Name234,Name1948,1
1838,Name234,Name310,1
1839,Name234,Name550,1
1840,Name234,Name1002,1
1841,Name234,Name1811,1
1842,Name1811,Name1002,1
1843,Name1811,Name550,1
1844,Name1811,Name310,1
1845,Name1811,Name1948,1
1846,Name1002,Name550,1
1847,Name1002,Name310,1
1848,Name1002,Name1948,1
1849,Name550,Name310,1
1850,Name550,Name1948,1
1851,Name310,Name1948,1
1852,Name667,Name1779,1
1853,Name667,Name1184,1
1854,Name667,Name629,1
1855,Name667,Name734,1
1856,Name734,Name629,1
1857,Name734,Name1184,1
1858,Name734,Name1779,1
1859,Name629,Name1184,1
1860,Name629,Name1779,1
1861,Name1184,Name1779,1
1862,Name1446,Name398,1
1863,Name1446,Name904,1
1864,Name904,Name398,1
1865,Name573,Name1625,1
1866,Name1163,Name1633,1
1867,Name1163,Name1573,1
1868,Name1163,Name1874,1
1869,Name1874,Name1573,1
1870,Name1874,Name1633,1
1871,Name1573,Name1633,1
1872,Name1047,Name680,1
1873,Name1047,Name525,1
1874,Name1047,Name305,1
1875,Name1047,Name1153,1
1876,Name1153,Name305,1
1877,Name1153,Name525,1
1878,Name1153,Name680,1
1879,Name305,Name525,1
1880,Name305,Name680,1
1881,Name525,Name680,1
1882,Name1798,Name87,1
1883,Name1798,Name155,1
1884,Name1798,Name255,1
1885,Name1798,Name697,1
1886,Name1798,Name558,1
1887,Name1798,Name1211,1
1888,Name1211,Name558,1
1889,Name1211,Name697,1
1890,Name1211,Name255,1
1891,Name1211,Name155,1
1892,Name1211,Name87,1
1893,Name558,Name697,1
1894,Name558,Name255,1
1895,Name558,Name155,1
1896,Name558,Name87,1
1897,Name697,Name255,1
1898,Name697,Name155,1
1899,Name697,Name87,1
1900,Name255,Name155,1
1901,Name255,Name87,1
1902,Name155,Name87,1
1903,Name1857,Name613,1
1904,Name974,Name780,1
1905,Name974,Name389,1
1906,Name389,Name780,1
1907,Name216,Name589,1
1908,Name216,Name1001,1
1909,Name216,Name149,1
1910,Name149,Name1001,1
1911,Name149,Name589,1
1912,Name1001,Name589,1
1913,Name1748,Name1557,1
1914,Name217,Name1045,1
1915,Name217,Name1647,1
1916,Name217,Name1869,1
1917,Name217,Name475,1
1918,Name475,Name1869,1
1919,Name475,Name1647,1
1920,Name475,Name1045,1
1921,Name1869,Name1647,1
1922,Name1869,Name1045,1
1923,Name1647,Name1045,1
1924,Name11,Name738,1
1925,Name1854,Name1810,1
1926,Name1854,Name1465,1
1927,Name1465,Name1810,1
1928,Name1743,Wema Kabogo,1
1929,Name1743,Name661,1
1930,Name1743,Name1945,1
1931,Name1743,Name730,1
1932,Name1743,Name1206,1
1933,Name1206,Name730,1
1934,Name1206,Name1945,1
1935,Name1206,Name661,1
1936,Name1206,Wema Kabogo,1
1937,Name730,Name1945,1
1938,Name730,Name661,1
1939,Name730,Wema Kabogo,1
1940,Name1945,Name661,1
1941,Name1945,Wema Kabogo,1
1942,Name661,Wema Kabogo,1
1943,Name175,Name1157,1
1944,Name175,Name789,1
1945,Name175,Name1087,1
1946,Name175,Name445,1
1947,Name445,Name1087,1
1948,Name445,Name789,1
1949,Name445,Name1157,1
1950,Name1087,Name789,1
1951,Name1087,Name1157,1
1952,Name789,Name1157,1
1953,Name392,Name75,1
1954,Name392,Name1390,1
1955,Name392,Name267,1
1956,Name267,Name1390,1
1957,Name267,Name75,1
1958,Name1390,Name75,1
1959,Name129,Name1771,1
1960,Name129,Name1867,1
1961,Name129,Name1407,1
1962,Name129,Name1352,1
1963,Name129,Name1804,1
1964,Name129,Name212,1
1965,Name212,Name1804,1
1966,Name212,Name1352,1
1967,Name212,Name1407,1
1968,Name212,Name1867,1
1969,Name212,Name1771,1
1970,Name1804,Name1352,1
1971,Name1804,Name1407,1
1972,Name1804,Name1867,1
1973,Name1804,Name1771,1
1974,Name1352,Name1407,1
1975,Name1352,Name1867,1
1976,Name1352,Name1771,1
1977,Name1407,Name1867,1
1978,Name1407,Name1771,1
1979,Name1867,Name1771,1
1980,Name835,Name1827,1
1981,Name835,Name280,1
1982,Name280,Name1827,1
1983,Name1091,Name311,1
1984,Name1683,Name1853,1
1985,Name1683,Name1855,1
1986,Name1683,Name849,1
1987,Name1683,Name481,1
1988,Name481,Name849,1
1989,Name481,Name1855,1
1990,Name481,Name1853,1
1991,Name849,Name1855,1
1992,Name849,Name1853,1
1993,Name1855,Name1853,1
1994,Name449,Name130,1
1995,Name449,Name940,1
1996,Name449,Name1148,1
1997,Name1148,Name940,1
1998,Name1148,Name130,1
1999,Name940,Name130,1
2000,Name250,Name790,1
2001,Name250,Name132,1
2002,Name250,Name1644,1
2003,Name1644,Name132,1
2004,Name1644,Name790,1
2005,Name132,Name790,1
2006,Name714,Name1007,1
2007,Name714,Name1709,1
2008,Name714,Name961,1
2009,Name714,Name196,1
2010,Name714,Name1543,1
2011,Name714,Name1084,1
2012,Name1084,Name1543,1
2013,Name1084,Name196,1
2014,Name1084,Name961,1
2015,Name1084,Name1709,1
2016,Name1084,Name1007,1
2017,Name1543,Name196,1
2018,Name1543,Name961,1
2019,Name1543,Name1709,1
2020,Name1543,Name1007,1
2021,Name196,Name961,1
2022,Name196,Name1709,1
2023,Name196,Name1007,1
2024,Name961,Name1709,1
2025,Name961,Name1007,1
2026,Name1709,Name1007,1
2027,Name367,Name1586,1
2028,Name367,Name1559,1
2029,Name1559,Name1586,1
2030,Name1380,Name930,1
2031,Name1380,Name1357,1
2032,Name1380,Name953,1
2033,Name1380,Name1497,1
2034,Name1497,Name953,1
2035,Name1497,Name1357,1
2036,Name1497,Name930,1
2037,Name953,Name1357,1
2038,Name953,Name930,1
2039,Name1357,Name930,1
2040,Name61,Name366,1
2041,Name224,Name740,1
2042,Name224,Name1820,1
2043,Name224,Name702,1
2044,Name224,Name806,1
2045,Name224,Name937,1
2046,Name224,Name545,1
2047,Name545,Name937,1
2048,Name545,Name806,1
2049,Name545,Name702,1
2050,Name545,Name1820,1
2051,Name545,Name740,1
2052,Name937,Name806,1
2053,Name937,Name702,1
2054,Name937,Name1820,1
2055,Name937,Name740,1
2056,Name806,Name702,1
2057,Name806,Name1820,1
2058,Name806,Name740,1
2059,Name702,Name1820,1
2060,Name702,Name740,1
2061,Name1820,Name740,1
2062,Name165,Name1824,1
2063,Name165,Name103,1
2064,Name103,Name1824,1
2065,Name228,Name901,1
2066,Name962,Name462,1
2067,Name962,Name1306,1
2068,Name962,Name154,1
2069,Name962,Name650,1
2070,Name962,Name1287,1
2071,Name1287,Name650,1
2072,Name1287,Name154,1
2073,Name1287,Name1306,1
2074,Name1287,Name462,1
2075,Name650,Name154,1
2076,Name650,Name1306,1
2077,Name650,Name462,1
2078,Name154,Name1306,1
2079,Name154,Name462,1
2080,Name1306,Name462,1
2081,Name1474,Name179,1
2082,Name1474,Name1430,1
2083,Name1474,Name336,1
2084,Name336,Name1430,1
2085,Name336,Name179,1
2086,Name1430,Name179,1
2087,Name1451,Name1335,1
2088,Name1451,Name1815,1
2089,Name1451,Name1733,1
2090,Name1451,Name1200,1
2091,Name1200,Name1733,1
2092,Name1200,Name1815,1
2093,Name1200,Name1335,1
2094,Name1733,Name1815,1
2095,Name1733,Name1335,1
2096,Name1815,Name1335,1
2097,Name388,Name1643,1
2098,Name388,Name467,1
2099,Name388,Name25,1
2100,Name25,Name467,1
2101,Name25,Name1643,1
2102,Name467,Name1643,1
2103,Name439,Name397,1
2104,Name439,Name1141,1
2105,Name439,Name1818,1
2106,Name1818,Name1141,1
2107,Name1818,Name397,1
2108,Name1141,Name397,1
2109,Name141,Name964,1
2110,Name141,Name384,1
2111,Name384,Name964,1
2112,Name1634,Name887,1
2113,Name180,Name359,1
2114,Name180,Name1210,1
2115,Name180,Name74,1
2116,Name180,Name599,1
2117,Name599,Name74,1
2118,Name599,Name1210,1
2119,Name599,Name359,1
2120,Name74,Name1210,1
2121,Name74,Name359,1
2122,Name1210,Name359,1
2123,Name770,Name1605,1
2124,Name770,Name1849,1
2125,Name770,Name183,1
2126,Name183,Name1849,1
2127,Name183,Name1605,1
2128,Name1849,Name1605,1
2129,Name1768,Name1552,1
2130,Name1768,Name490,1
2131,Name1768,Name1940,1
2132,Name1768,Name433,1
2133,Name1768,Name373,1
2134,Name1768,Name1689,1
2135,Name1689,Name373,1
2136,Name1689,Name433,1
2137,Name1689,Name1940,1
2138,Name1689,Name490,1
2139,Name1689,Name1552,1
2140,Name373,Name433,1
2141,Name373,Name1940,1
2142,Name373,Name490,1
2143,Name373,Name1552,1
2144,Name433,Name1940,1
2145,Name433,Name490,1
2146,Name433,Name1552,1
2147,Name1940,Name490,1
2148,Name1940,Name1552,1
2149,Name490,Name1552,1
2150,Name219,Name1719,1
2151,Name219,Name1520,1
2152,Name219,Name942,1
2153,Name219,Name64,1
2154,Name219,Name1069,1
2155,Name1069,Name64,1
2156,Name1069,Name942,1
2157,Name1069,Name1520,1
2158,Name1069,Name1719,1
2159,Name64,Name942,1
2160,Name64,Name1520,1
2161,Name64,Name1719,1
2162,Name942,Name1520,1
2163,Name942,Name1719,1
2164,Name1520,Name1719,1
2165,Name534,Name1470,1
2166,Name534,Name907,1
2167,Name907,Name1470,1
2168,Name1589,Name1921,1
2169,Name5,Name1063,1
2170,Name5,Name1672,1
2171,Name1672,Name1063,1
2172,Name1676,Name434,1
2173,Name101,Name640,1
2174,Name101,Name520,1
2175,Name101,Name1448,1
2176,Name1448,Name520,1
2177,Name1448,Name640,1
2178,Name520,Name640,1
2179,Name717,Name1186,1
2180,Name717,Name804,1
2181,Name717,Name1933,1
2182,Name717,Name1580,1
2183,Name717,Name464,1
2184,Name464,Name1580,1
2185,Name464,Name1933,1
2186,Name464,Name804,1
2187,Name464,Name1186,1
2188,Name1580,Name1933,1
2189,Name1580,Name804,1
2190,Name1580,Name1186,1
2191,Name1933,Name804,1
2192,Name1933,Name1186,1
2193,Name804,Name1186,1
2194,Name419,Name633,1
2195,Name419,Name1129,1
2196,Name419,Name1870,1
2197,Name1870,Name1129,1
2198,Name1870,Name633,1
2199,Name1129,Name633,1
2200,Name1883,Name1191,1
2201,Name1883,Name1035,1
2202,Name1035,Name1191,1
2203,Name1635,Name1808,1
2204,Name1635,Name1243,1
2205,Name1635,Name1103,1
2206,Name1635,Name774,1
2207,Name1635,Name1797,1
2208,Name1635,Name696,1
2209,Name1635,Name677,1
2210,Name677,Name696,1
2211,Name677,Name1797,1
2212,Name677,Name774,1
2213,Name677,Name1103,1
2214,Name677,Name1243,1
2215,Name677,Name1808,1
2216,Name696,Name1797,1
2217,Name696,Name774,1
2218,Name696,Name1103,1
2219,Name696,Name1243,1
2220,Name696,Name1808,1
2221,Name1797,Name774,1
2222,Name1797,Name1103,1
2223,Name1797,Name1243,1
2224,Name1797,Name1808,1
2225,Name774,Name1103,1
2226,Name774,Name1243,1
2227,Name774,Name1808,1
2228,Name1103,Name1243,1
2229,Name1103,Name1808,1
2230,Name1243,Name1808,1
2231,Name669,Name541,1
2232,Name669,Name1423,1
2233,Name669,Name1256,1
2234,Name669,Name1640,1
2235,Name1640,Name1256,1
2236,Name1640,Name1423,1
2237,Name1640,Name541,1
2238,Name1256,Name1423,1
2239,Name1256,Name541,1
2240,Name1423,Name541,1
2241,Name1876,Name171,1
2242,Name1492,Name537,1
2243,Name36,Name1803,1
2244,Name36,Name1935,1
2245,Name1935,Name1803,1
2246,Name1207,Name1438,1
2247,Name1207,Name968,1
2248,Name1207,Name209,1
2249,Name1207,Name256,1
2250,Name1207,Name771,1
2251,Name1207,Name1279,1
2252,Name1279,Name771,1
2253,Name1279,Name256,1
2254,Name1279,Name209,1
2255,Name1279,Name968,1
2256,Name1279,Name1438,1
2257,Name771,Name256,1
2258,Name771,Name209,1
2259,Name771,Name968,1
2260,Name771,Name1438,1
2261,Name256,Name209,1
2262,Name256,Name968,1
2263,Name256,Name1438,1
2264,Name209,Name968,1
2265,Name209,Name1438,1
2266,Name968,Name1438,1
2267,Name879,Name1331,1
2268,Name879,Name1606,1
2269,Name879,Name1089,1
2270,Name879,Name911,1
2271,Name911,Name1089,1
2272,Name911,Name1606,1
2273,Name911,Name1331,1
2274,Name1089,Name1606,1
2275,Name1089,Name1331,1
2276,Name1606,Name1331,1
2277,Name218,Name1275,1
2278,Name218,Name1920,1
2279,Name218,Name287,1
2280,Name287,Name1920,1
2281,Name287,Name1275,1
2282,Name1920,Name1275,1
2283,Name566,Name1850,1
2284,Name566,Name1741,1
2285,Name566,Name13,1
2286,Name566,Name243,1
2287,Name243,Name13,1
2288,Name243,Name1741,1
2289,Name243,Name1850,1
2290,Name13,Name1741,1
2291,Name13,Name1850,1
2292,Name1741,Name1850,1
2293,Name876,Name666,1
2294,Name876,Name1535,1
2295,Name876,Violet Mbaga,1
2296,Name876,Name297,1
2297,Name876,Name645,1
2298,Name645,Name297,1
2299,Name645,Violet Mbaga,1
2300,Name645,Name1535,1
2301,Name645,Name666,1
2302,Name297,Violet Mbaga,1
2303,Name297,Name1535,1
2304,Name297,Name666,1
2305,Violet Mbaga,Name1535,1
2306,Violet Mbaga,Name666,1
2307,Name1535,Name666,1
2308,Name1110,Name1639,1
2309,Name1110,Name1149,1
2310,Name1110,Name412,1
2311,Name412,Name1149,1
2312,Name412,Name1639,1
2313,Name1149,Name1639,1
2314,Name1887,Name29,1
2315,Name1887,Name1434,1
2316,Name1887,Name1615,1
2317,Name1887,Name501,1
2318,Name501,Name1615,1
2319,Name501,Name1434,1
2320,Name501,Name29,1
2321,Name1615,Name1434,1
2322,Name1615,Name29,1
2323,Name1434,Name29,1
2324,Name1707,Name452,1
2325,Name1707,Name1460,1
2326,Name1460,Name452,1
2327,Name509,Name1698,1
2328,Name509,Name838,1
2329,Name509,Name687,1
2330,Name509,Name492,1
2331,Name509,Name1408,1
2332,Name509,Name924,1
2333,Name924,Name1408,1
2334,Name924,Name492,1
2335,Name924,Name687,1
2336,Name924,Name838,1
2337,Name924,Name1698,1
2338,Name1408,Name492,1
2339,Name1408,Name687,1
2340,Name1408,Name838,1
2341,Name1408,Name1698,1
2342,Name492,Name687,1
2343,Name492,Name838,1
2344,Name492,Name1698,1
2345,Name687,Name838,1
2346,Name687,Name1698,1
2347,Name838,Name1698,1
2348,Name1476,Name1828,1
2349,Name1476,Name169,1
2350,Name1476,Name1297,1
2351,Name1476,Name1616,1
2352,Name1476,Name198,1
2353,Name198,Name1616,1
2354,Name198,Name1297,1
2355,Name198,Name169,1
2356,Name198,Name1828,1
2357,Name1616,Name1297,1
2358,Name1616,Name169,1
2359,Name1616,Name1828,1
2360,Name1297,Name169,1
2361,Name1297,Name1828,1
2362,Name169,Name1828,1
2363,Name1181,Name934,1
2364,Name556,Name322,1
2365,Name688,Name430,1
2366,Name688,Name454,1
2367,Name688,Name704,1
2368,Name688,Name951,1
2369,Name951,Name704,1
2370,Name951,Name454,1
2371,Name951,Name430,1
2372,Name704,Name454,1
2373,Name704,Name430,1
2374,Name454,Name430,1
2375,Name1038,Name748,1
2376,Name1038,Name1029,1
2377,Name1038,Name708,1
2378,Name708,Name1029,1
2379,Name708,Name748,1
2380,Name1029,Name748,1
2381,Name163,Name1106,1
2382,Name1830,Name941,1
2383,Name1830,Name1371,1
2384,Name1830,Name1837,1
2385,Name1830,Name1695,1
2386,Name1830,Name1247,1
2387,Name1830,Name487,1
2388,Name487,Name1247,1
2389,Name487,Name1695,1
2390,Name487,Name1837,1
2391,Name487,Name1371,1
2392,Name487,Name941,1
2393,Name1247,Name1695,1
2394,Name1247,Name1837,1
2395,Name1247,Name1371,1
2396,Name1247,Name941,1
2397,Name1695,Name1837,1
2398,Name1695,Name1371,1
2399,Name1695,Name941,1
2400,Name1837,Name1371,1
2401,Name1837,Name941,1
2402,Name1371,Name941,1
2403,Name811,Name404,1
2404,Name811,Name242,1
2405,Name242,Name404,1
2406,Name1445,Name1358,1
2407,Name1445,Name1737,1
2408,Name1445,Name47,1
2409,Name1445,Name1735,1
2410,Name1735,Name47,1
2411,Name1735,Name1737,1
2412,Name1735,Name1358,1
2413,Name47,Name1737,1
2414,Name47,Name1358,1
2415,Name1737,Name1358,1
2416,Name1533,Name1614,1
2417,Name1533,Name1660,1
2418,Name1533,Name1495,1
2419,Name1533,Name569,1
2420,Name1533,Name1036,1
2421,Name1036,Name569,1
2422,Name1036,Name1495,1
2423,Name1036,Name1660,1
2424,Name1036,Name1614,1
2425,Name569,Name1495,1
2426,Name569,Name1660,1
2427,Name569,Name1614,1
2428,Name1495,Name1660,1
2429,Name1495,Name1614,1
2430,Name1660,Name1614,1
2431,Name1411,Name1404,1
2432,Name1411,Name1048,1
2433,Name1411,Name1296,1
2434,Name1296,Name1048,1
2435,Name1296,Name1404,1
2436,Name1048,Name1404,1
2437,Name411,Name1566,1
2438,Name411,Name356,1
2439,Name411,Name306,1
2440,Name411,Name1314,1
2441,Name411,Name108,1
2442,Name411,Name229,1
2443,Name229,Name108,1
2444,Name229,Name1314,1
2445,Name229,Name306,1
2446,Name229,Name356,1
2447,Name229,Name1566,1
2448,Name108,Name1314,1
2449,Name108,Name306,1
2450,Name108,Name356,1
2451,Name108,Name1566,1
2452,Name1314,Name306,1
2453,Name1314,Name356,1
2454,Name1314,Name1566,1
2455,Name306,Name356,1
2456,Name306,Name1566,1
2457,Name356,Name1566,1
2458,Name1929,Name715,1
2459,Name1005,Name728,1
2460,Name1005,Name1432,1
2461,Name1432,Name728,1
2462,Name1221,Name380,1
2463,Name1221,Name298,1
2464,Name1221,Name16,1
2465,Name1221,Name808,1
2466,Name808,Name16,1
2467,Name808,Name298,1
2468,Name808,Name380,1
2469,Name16,Name298,1
2470,Name16,Name380,1
2471,Name298,Name380,1
2472,Name10,Name117,1
2473,Name10,Name972,1
2474,Name972,Name117,1
2475,Name601,Name935,1
2476,Name1085,Name1721,1
2477,Name1085,Name1095,1
2478,Name1085,Name1428,1
2479,Name1085,Name114,1
2480,Name1085,Name966,1
2481,Name966,Name114,1
2482,Name966,Name1428,1
2483,Name966,Name1095,1
2484,Name966,Name1721,1
2485,Name114,Name1428,1
2486,Name114,Name1095,1
2487,Name114,Name1721,1
2488,Name1428,Name1095,1
2489,Name1428,Name1721,1
2490,Name1095,Name1721,1
2491,Name1638,Name466,1
2492,Name1638,Name1860,1
2493,Name1860,Name466,1
2494,Name752,Name118,1
2495,Name752,Name983,1
2496,Name752,Name1700,1
2497,Name752,Name111,1
2498,Name752,Name27,1
2499,Name752,Name1042,1
2500,Name1042,Name27,1
2501,Name1042,Name111,1
2502,Name1042,Name1700,1
2503,Name1042,Name983,1
2504,Name1042,Name118,1
2505,Name27,Name111,1
2506,Name27,Name1700,1
2507,Name27,Name983,1
2508,Name27,Name118,1
2509,Name111,Name1700,1
2510,Name111,Name983,1
2511,Name111,Name118,1
2512,Name1700,Name983,1
2513,Name1700,Name118,1
2514,Name983,Name118,1
2515,Name1806,Name515,1
2516,Name1806,Name766,1
2517,Name1806,Name614,1
2518,Name1806,Name1114,1
2519,Name1114,Name614,1
2520,Name1114,Name766,1
2521,Name1114,Name515,1
2522,Name614,Name766,1
2523,Name614,Name515,1
2524,Name766,Name515,1
2525,Name1316,Name1189,1
2526,Name1034,Name1309,1
2527,Name1034,Name1927,1
2528,Name1034,Name710,1
2529,Name710,Name1927,1
2530,Name710,Name1309,1
2531,Name1927,Name1309,1
2532,Name1342,Name1530,1
2533,Name286,Name1925,1
2534,Name286,Name1050,1
2535,Name1050,Name1925,1
2536,Name33,Name939,1
2537,Name473,Name1321,1
2538,Name473,Name1466,1
2539,Name473,Name813,1
2540,Name473,Name1320,1
2541,Name473,Name1893,1
2542,Name473,Name1691,1
2543,Name1691,Name1893,1
2544,Name1691,Name1320,1
2545,Name1691,Name813,1
2546,Name1691,Name1466,1
2547,Name1691,Name1321,1
2548,Name1893,Name1320,1
2549,Name1893,Name813,1
2550,Name1893,Name1466,1
2551,Name1893,Name1321,1
2552,Name1320,Name813,1
2553,Name1320,Name1466,1
2554,Name1320,Name1321,1
2555,Name813,Name1466,1
2556,Name813,Name1321,1
2557,Name1466,Name1321,1
2558,Name1250,Name335,1
2559,Name1250,Name652,1
2560,Name652,Name335,1
2561,Name580,Name1657,1
2562,Name580,Name607,1
2563,Name580,Name615,1
2564,Name615,Name607,1
2565,Name615,Name1657,1
2566,Name607,Name1657,1
2567,Name427,Name776,1
2568,Name427,Name1481,1
2569,Name427,Name318,1
2570,Name427,Name603,1
2571,Name603,Name318,1
2572,Name603,Name1481,1
2573,Name603,Name776,1
2574,Name318,Name1481,1
2575,Name318,Name776,1
2576,Name1481,Name776,1
2577,Name914,Name1006,1
2578,Name1204,Name1031,1
2579,Name1204,Name1242,1
2580,Name1204,Name932,1
2581,Name1204,Name1030,1
2582,Name1204,Name1601,1
2583,Name1601,Name1030,1
2584,Name1601,Name932,1
2585,Name1601,Name1242,1
2586,Name1601,Name1031,1
2587,Name1030,Name932,1
2588,Name1030,Name1242,1
2589,Name1030,Name1031,1
2590,Name932,Name1242,1
2591,Name932,Name1031,1
2592,Name1242,Name1031,1
2593,Name516,Name498,1
2594,Name516,Name919,1
2595,Name919,Name498,1
2596,Name370,Name1134,1
2597,Name370,Name94,1
2598,Name370,Name1019,1
2599,Name370,Name1065,1
2600,Name1065,Name1019,1
2601,Name1065,Name94,1
2602,Name1065,Name1134,1
2603,Name1019,Name94,1
2604,Name1019,Name1134,1
2605,Name94,Name1134,1
2606,Name1162,Name160,1
2607,Name1162,Name1323,1
2608,Name1162,Name1118,1
2609,Name1118,Name1323,1
2610,Name1118,Name160,1
2611,Name1323,Name160,1
2612,Name1043,Name8,1
2613,Name1043,Name119,1
2614,Name1043,Name1238,1
2615,Name1043,Name408,1
2616,Name1043,Name1377,1
2617,Name1043,Name1067,1
2618,Name1043,Name1949,1
2619,Name1043,Name1216,1
2620,Name1216,Name1949,1
2621,Name1216,Name1067,1
2622,Name1216,Name1377,1
2623,Name1216,Name408,1
2624,Name1216,Name1238,1
2625,Name1216,Name119,1
2626,Name1216,Name8,1
2627,Name1949,Name1067,1
2628,Name1949,Name1377,1
2629,Name1949,Name408,1
2630,Name1949,Name1238,1
2631,Name1949,Name119,1
2632,Name1949,Name8,1
2633,Name1067,Name1377,1
2634,Name1067,Name408,1
2635,Name1067,Name1238,1
2636,Name1067,Name119,1
2637,Name1067,Name8,1
2638,Name1377,Name408,1
2639,Name1377,Name1238,1
2640,Name1377,Name119,1
2641,Name1377,Name8,1
2642,Name408,Name1238,1
2643,Name408,Name119,1
2644,Name408,Name8,1
2645,Name1238,Name119,1
2646,Name1238,Name8,1
2647,Name119,Name8,1
2648,Name1313,Name86,1
2649,Name1313,Name403,1
2650,Name403,Name86,1
2651,Name713,Name1519,1
2652,Name713,Name290,1
2653,Name713,Name1041,1
2654,Name713,Name1449,1
2655,Name1449,Name1041,1
2656,Name1449,Name290,1
2657,Name1449,Name1519,1
2658,Name1041,Name290,1
2659,Name1041,Name1519,1
2660,Name290,Name1519,1
2661,Name357,Name867,1
2662,Name357,Name1717,1
2663,Name357,Name9,1
2664,Name357,Name1500,1
2665,Name357,Name1203,1
2666,Name357,Name85,1
2667,Name85,Name1203,1
2668,Name85,Name1500,1
2669,Name85,Name9,1
2670,Name85,Name1717,1
2671,Name85,Name867,1
2672,Name1203,Name1500,1
2673,Name1203,Name9,1
2674,Name1203,Name1717,1
2675,Name1203,Name867,1
2676,Name1500,Name9,1
2677,Name1500,Name1717,1
2678,Name1500,Name867,1
2679,Name9,Name1717,1
2680,Name9,Name867,1
2681,Name1717,Name867,1
2682,Name166,Name425,1
2683,Name166,Name1685,1
2684,Name166,Name20,1
2685,Name20,Name1685,1
2686,Name20,Name425,1
2687,Name1685,Name425,1
2688,Name595,Name32,1
2689,Name595,Name863,1
2690,Name863,Name32,1
2691,Name913,Name1251,1
2692,Name913,Name1801,1
2693,Name913,Name513,1
2694,Name913,Name1724,1
2695,Name1724,Name513,1
2696,Name1724,Name1801,1
2697,Name1724,Name1251,1
2698,Name513,Name1801,1
2699,Name513,Name1251,1
2700,Name1801,Name1251,1
2701,Name1567,Name679,1
2702,Name150,Name1693,1
2703,Name150,Name295,1
2704,Name150,Name1415,1
2705,Name150,Name1677,1
2706,Name150,Name1536,1
2707,Name1536,Name1677,1
2708,Name1536,Name1415,1
2709,Name1536,Name295,1
2710,Name1536,Name1693,1
2711,Name1677,Name1415,1
2712,Name1677,Name295,1
2713,Name1677,Name1693,1
2714,Name1415,Name295,1
2715,Name1415,Name1693,1
2716,Name295,Name1693,1
2717,Name891,Name530,1
2718,Name891,Name1225,1
2719,Name891,Name583,1
2720,Name583,Name1225,1
2721,Name583,Name530,1
2722,Name1225,Name530,1
2723,Name226,Name1077,1
2724,Name226,Name1611,1
2725,Name226,Name159,1
2726,Name226,Name1632,1
2727,Name1632,Name159,1
2728,Name1632,Name1611,1
2729,Name1632,Name1077,1
2730,Name159,Name1611,1
2731,Name159,Name1077,1
2732,Name1611,Name1077,1
2733,Name1077,Name1077,1
2734,Name1077,Name1611,1
2735,Name1077,Name1077,1
2736,Name1077,Name1611,1
2737,Name1077,Name1077,1
2738,Name1611,Name1077,1
2739,Name1544,Name1443,1
2740,Name1544,Name742,1
2741,Name1544,Name1897,1
2742,Name1544,Name1825,1
2743,Name1544,Name1610,1
2744,Name1544,Name1936,1
2745,Name1936,Name1610,1
2746,Name1936,Name1825,1
2747,Name1936,Name1897,1
2748,Name1936,Name742,1
2749,Name1936,Name1443,1
2750,Name1610,Name1825,1
2751,Name1610,Name1897,1
2752,Name1610,Name742,1
2753,Name1610,Name1443,1
2754,Name1825,Name1897,1
2755,Name1825,Name742,1
2756,Name1825,Name1443,1
2757,Name1897,Name742,1
2758,Name1897,Name1443,1
2759,Name742,Name1443,1
2760,Name1790,Name1585,1
2761,Name1790,Name59,1
2762,Name1790,Name1528,1
2763,Name1790,Name483,1
2764,Name1790,Name1800,1
2765,Name1800,Name483,1
2766,Name1800,Name1528,1
2767,Name1800,Name59,1
2768,Name1800,Name1585,1
2769,Name483,Name1528,1
2770,Name483,Name59,1
2771,Name483,Name1585,1
2772,Name1528,Name59,1
2773,Name1528,Name1585,1
2774,Name59,Name1585,1
2775,Name451,Name215,1
2776,Name451,Name536,1
2777,Name536,Name215,1
2778,Name1703,Name577,1
2779,Name423,Name372,1
2780,Name423,Name1171,1
2781,Name423,Name1401,1
2782,Name1401,Name1171,1
2783,Name1401,Name372,1
2784,Name1171,Name372,1
2785,Name791,Name1621,1
2786,Name791,Name37,1
2787,Name791,Name1706,1
2788,Name791,Name1950,1
2789,Name1950,Name1706,1
2790,Name1950,Name37,1
2791,Name1950,Name1621,1
2792,Name1706,Name37,1
2793,Name1706,Name1621,1
2794,Name37,Name1621,1
2795,Name858,Name548,1
2796,Name858,Name767,1
2797,Name858,Name1402,1
2798,Name858,Name1217,1
2799,Name858,Name737,1
2800,Name858,Name1023,1
2801,Name1023,Name737,1
2802,Name1023,Name1217,1
2803,Name1023,Name1402,1
2804,Name1023,Name767,1
2805,Name1023,Name548,1
2806,Name737,Name1217,1
2807,Name737,Name1402,1
2808,Name737,Name767,1
2809,Name737,Name548,1
2810,Name1217,Name1402,1
2811,Name1217,Name767,1
2812,Name1217,Name548,1
2813,Name1402,Name767,1
2814,Name1402,Name548,1
2815,Name767,Name548,1
2816,Name769,Name1378,1
2817,Name769,Name1125,1
2818,Name1125,Name1378,1
2819,Name253,Name1546,1
2820,Name253,Name892,1
2821,Name253,Name323,1
2822,Name323,Name892,1
2823,Name323,Name1546,1
2824,Name892,Name1546,1
2825,Name204,Name1545,1
2826,Name204,Name1819,1
2827,Name204,Name1439,1
2828,Name204,Name733,1
2829,Name733,Name1439,1
2830,Name733,Name1819,1
2831,Name733,Name1545,1
2832,Name1439,Name1819,1
2833,Name1439,Name1545,1
2834,Name1819,Name1545,1
2835,Name878,Name900,1
2836,Name878,Name1899,1
2837,Name878,Name1723,1
2838,Name878,Name1264,1
2839,Name878,Name328,1
2840,Name328,Name1264,1
2841,Name328,Name1723,1
2842,Name328,Name1899,1
2843,Name328,Name900,1
2844,Name1264,Name1723,1
2845,Name1264,Name1899,1
2846,Name1264,Name900,1
2847,Name1723,Name1899,1
2848,Name1723,Name900,1
2849,Name1899,Name900,1
2850,Name890,Name1160,1
2851,Name890,Name1427,1
2852,Name1427,Name1160,1
2853,Name1549,Name1180,1
2854,Name1549,Name1799,1
2855,Name1549,Name538,1
2856,Name538,Name1799,1
2857,Name538,Name1180,1
2858,Name1799,Name1180,1
2859,Name866,Name1542,1
2860,Name866,Name1419,1
2861,Name866,Name1521,1
2862,Name866,Name89,1
2863,Name866,Name1731,1
2864,Name866,Name396,1
2865,Name396,Name1731,1
2866,Name396,Name89,1
2867,Name396,Name1521,1
2868,Name396,Name1419,1
2869,Name396,Name1542,1
2870,Name1731,Name89,1
2871,Name1731,Name1521,1
2872,Name1731,Name1419,1
2873,Name1731,Name1542,1
2874,Name89,Name1521,1
2875,Name89,Name1419,1
2876,Name89,Name1542,1
2877,Name1521,Name1419,1
2878,Name1521,Name1542,1
2879,Name1419,Name1542,1
2880,Name42,Name1197,1
2881,Name1753,Name1441,1
2882,Name1923,Name872,1
2883,Name1923,Name1622,1
2884,Name1923,Name579,1
2885,Name1923,Name1931,1
2886,Name1931,Name579,1
2887,Name1931,Name1622,1
2888,Name1931,Name872,1
2889,Name579,Name1622,1
2890,Name579,Name872,1
2891,Name1622,Name872,1
2892,Name872,Name872,1
2893,Name872,Name1622,1
2894,Name872,Name872,1
2895,Name872,Name1622,1
2896,Name872,Name872,1
2897,Name1622,Name872,1
2898,Name872,Name872,1
2899,Name872,Name1622,1
2900,Name872,Name872,1
2901,Name872,Name1622,1
2902,Name872,Name872,1
2903,Name1622,Name872,1
2904,Name1060,Name1265,1
2905,Name1060,Name304,1
2906,Name1060,Name1015,1
2907,Name1015,Name304,1
2908,Name1015,Name1265,1
2909,Name304,Name1265,1
2910,Name1868,Name819,1
2911,Name1868,Name157,1
2912,Name1868,Name665,1
2913,Name1868,Name1136,1
2914,Name1868,Name1932,1
2915,Name1932,Name1136,1
2916,Name1932,Name665,1
2917,Name1932,Name157,1
2918,Name1932,Name819,1
2919,Name1136,Name665,1
2920,Name1136,Name157,1
2921,Name1136,Name819,1
2922,Name665,Name157,1
2923,Name665,Name819,1
2924,Name157,Name819,1
2925,Name1502,Name617,1
2926,Name1502,Name856,1
2927,Name856,Name617,1
2928,Name1151,Name1757,1
2929,Name1151,Name1712,1
2930,Name1151,Name625,1
2931,Name1151,Name144,1
2932,Name144,Name625,1
2933,Name144,Name1712,1
2934,Name144,Name1757,1
2935,Name625,Name1712,1
2936,Name625,Name1757,1
2937,Name1712,Name1757,1
2938,Name240,Name1802,1
2939,Name240,Name174,1
2940,Name240,Name588,1
2941,Name240,Name1504,1
2942,Name240,Name1728,1
2943,Name240,Name899,1
2944,Name240,Name486,1
2945,Name486,Name899,1
2946,Name486,Name1728,1
2947,Name486,Name1504,1
2948,Name486,Name588,1
2949,Name486,Name174,1
2950,Name486,Name1802,1
2951,Name899,Name1728,1
2952,Name899,Name1504,1
2953,Name899,Name588,1
2954,Name899,Name174,1
2955,Name899,Name1802,1
2956,Name1728,Name1504,1
2957,Name1728,Name588,1
2958,Name1728,Name174,1
2959,Name1728,Name1802,1
2960,Name1504,Name588,1
2961,Name1504,Name174,1
2962,Name1504,Name1802,1
2963,Name588,Name174,1
2964,Name588,Name1802,1
2965,Name174,Name1802,1
2966,Name248,Name1919,1
2967,Name248,Name1388,1
2968,Name248,Name1303,1
2969,Name1303,Name1388,1
2970,Name1303,Name1919,1
2971,Name1388,Name1919,1
2972,Name1418,Name1550,1
2973,Name1356,Name779,1
2974,Name1356,Name192,1
2975,Name1356,Name345,1
2976,Name1356,Name1529,1
2977,Name1356,Name563,1
2978,Name1356,Name1032,1
2979,Name1032,Name563,1
2980,Name1032,Name1529,1
2981,Name1032,Name345,1
2982,Name1032,Name192,1
2983,Name1032,Name779,1
2984,Name563,Name1529,1
2985,Name563,Name345,1
2986,Name563,Name192,1
2987,Name563,Name779,1
2988,Name1529,Name345,1
2989,Name1529,Name192,1
2990,Name1529,Name779,1
2991,Name345,Name192,1
2992,Name345,Name779,1
2993,Name192,Name779,1
2994,Name622,Name921,1
2995,Name622,Name1364,1
2996,Name1364,Name921,1
2997,Name1300,Name123,1
2998,Name1300,Name850,1
2999,Name1300,Name1648,1
3000,Name1300,Name1059,1
3001,Name1300,Name325,1
3002,Name325,Name1059,1
3003,Name325,Name1648,1
3004,Name325,Name850,1
3005,Name325,Name123,1
3006,Name1059,Name1648,1
3007,Name1059,Name850,1
3008,Name1059,Name123,1
3009,Name1648,Name850,1
3010,Name1648,Name123,1
3011,Name850,Name123,1
3012,Name855,Name1461,1
3013,Name855,Name106,1
3014,Name855,Name1137,1
3015,Name855,Name21,1
3016,Name855,Name1905,1
3017,Name855,Name56,1
3018,Name56,Name1905,1
3019,Name56,Name21,1
3020,Name56,Name1137,1
3021,Name56,Name106,1
3022,Name56,Name1461,1
3023,Name1905,Name21,1
3024,Name1905,Name1137,1
3025,Name1905,Name106,1
3026,Name1905,Name1461,1
3027,Name21,Name1137,1
3028,Name21,Name106,1
3029,Name21,Name1461,1
3030,Name1137,Name106,1
3031,Name1137,Name1461,1
3032,Name106,Name1461,1
3033,Name623,Name1786,1
3034,Name623,Name1774,1
3035,Name623,Name207,1
3036,Name623,Name1834,1
3037,Name1834,Name207,1
3038,Name1834,Name1774,1
3039,Name1834,Name1786,1
3040,Name207,Name1774,1
3041,Name207,Name1786,1
3042,Name1774,Name1786,1
3043,Name230,Name1780,1
3044,Name230,Name426,1
3045,Name230,Name814,1
3046,Name814,Name426,1
3047,Name814,Name1780,1
3048,Name426,Name1780,1
3049,Name1223,Name164,1
3050,Name1223,Name888,1
3051,Name1223,Name1576,1
3052,Name1223,Name1444,1
3053,Name1444,Name1576,1
3054,Name1444,Name888,1
3055,Name1444,Name164,1
3056,Name1576,Name888,1
3057,Name1576,Name164,1
3058,Name888,Name164,1
3059,Name1266,Name83,1
3060,Name959,Name1170,1
3061,Name959,Name663,1
3062,Name959,Name653,1
3063,Name653,Name663,1
3064,Name653,Name1170,1
3065,Name663,Name1170,1
3066,Name1498,Name1100,1
3067,Name1498,Name1730,1
3068,Name1730,Name1100,1
3069,Name1494,Name134,1
3070,Name1494,Name1785,1
3071,Name1494,Name1649,1
3072,Name1494,Name860,1
3073,Name860,Name1649,1
3074,Name860,Name1785,1
3075,Name860,Name134,1
3076,Name1649,Name1785,1
3077,Name1649,Name134,1
3078,Name1785,Name134,1
3079,Name1480,Name1888,1
3080,Name1480,Name1241,1
3081,Name1480,Name1302,1
3082,Name1480,Name128,1
3083,Name1480,Name1274,1
3084,Name1480,Name897,1
3085,Name897,Name1274,1
3086,Name897,Name128,1
3087,Name897,Name1302,1
3088,Name897,Name1241,1
3089,Name897,Name1888,1
3090,Name1274,Name128,1
3091,Name1274,Name1302,1
3092,Name1274,Name1241,1
3093,Name1274,Name1888,1
3094,Name128,Name1302,1
3095,Name128,Name1241,1
3096,Name128,Name1888,1
3097,Name1302,Name1241,1
3098,Name1302,Name1888,1
3099,Name1241,Name1888,1
3100,Name1164,Name385,1
3101,Name506,Name1075,1
3102,Name506,Name801,1
3103,Name506,Name72,1
3104,Name72,Name801,1
3105,Name72,Name1075,1
3106,Name801,Name1075,1
3107,Name1787,Name635,1
3108,Name1787,Name122,1
3109,Name1787,Name1859,1
3110,Name1787,Name289,1
3111,Name289,Name1859,1
3112,Name289,Name122,1
3113,Name289,Name635,1
3114,Name1859,Name122,1
3115,Name1859,Name635,1
3116,Name122,Name635,1
3117,Name151,Name590,1
3118,Name151,Name1347,1
3119,Name1347,Name590,1
3120,Name812,Name1551,1
3121,Name1127,Name1473,1
3122,Name1127,Name628,1
3123,Name1127,Name1061,1
3124,Name1061,Name628,1
3125,Name1061,Name1473,1
3126,Name628,Name1473,1
3127,Name399,Name346,1
3128,Name399,Name705,1
3129,Name399,Name853,1
3130,Name399,Name540,1
3131,Name399,Name191,1
3132,Name191,Name540,1
3133,Name191,Name853,1
3134,Name191,Name705,1
3135,Name191,Name346,1
3136,Name540,Name853,1
3137,Name540,Name705,1
3138,Name540,Name346,1
3139,Name853,Name705,1
3140,Name853,Name346,1
3141,Name705,Name346,1
3142,Name1368,Name1758,1
3143,Name1522,Name817,1
3144,Name1522,Name1245,1
3145,Name1522,Name508,1
3146,Name1522,Name1711,1
3147,Name1522,Name1420,1
3148,Name1522,Name115,1
3149,Name115,Name1420,1
3150,Name115,Name1711,1
3151,Name115,Name508,1
3152,Name115,Name1245,1
3153,Name115,Name817,1
3154,Name1420,Name1711,1
3155,Name1420,Name508,1
3156,Name1420,Name1245,1
3157,Name1420,Name817,1
3158,Name1711,Name508,1
3159,Name1711,Name1245,1
3160,Name1711,Name817,1
3161,Name508,Name1245,1
3162,Name508,Name817,1
3163,Name1245,Name817,1
3164,Name1022,Name1540,1
3165,Name1022,Name519,1
3166,Name519,Name1540,1
3167,Name798,Name51,1
3168,Name798,Name1554,1
3169,Name1554,Name51,1
3170,Name485,Name1506,1
3171,Name485,Name461,1
3172,Name485,Name376,1
3173,Name485,Name1675,1
3174,Name1675,Name376,1
3175,Name1675,Name461,1
3176,Name1675,Name1506,1
3177,Name376,Name461,1
3178,Name376,Name1506,1
3179,Name461,Name1506,1
3180,Name1795,Name1195,1
3181,Name1795,Name109,1
3182,Name1795,Name1898,1
3183,Name1898,Name109,1
3184,Name1898,Name1195,1
3185,Name109,Name1195,1
3186,Name594,Name1941,1
3187,Name1604,Name1410,1
3188,Name1604,Name170,1
3189,Name1604,Name698,1
3190,Name1604,Name549,1
3191,Name1604,Name917,1
3192,Name1604,Name1661,1
3193,Name1661,Name917,1
3194,Name1661,Name549,1
3195,Name1661,Name698,1
3196,Name1661,Name170,1
3197,Name1661,Name1410,1
3198,Name917,Name549,1
3199,Name917,Name698,1
3200,Name917,Name170,1
3201,Name917,Name1410,1
3202,Name549,Name698,1
3203,Name549,Name170,1
3204,Name549,Name1410,1
3205,Name698,Name170,1
3206,Name698,Name1410,1
3207,Name170,Name1410,1
3208,Name1463,Name1154,1
3209,Name1463,Name1131,1
3210,Name1131,Name1154,1
3211,Name1258,Name14,1
3212,Name1258,Name503,1
3213,Name1258,Name39,1
3214,Name39,Name503,1
3215,Name39,Name14,1
3216,Name503,Name14,1
3217,Name1105,Name875,1
3218,Name1105,Name999,1
3219,Name1105,Name996,1
3220,Name1105,Name245,1
3221,Name1105,Name568,1
3222,Name568,Name245,1
3223,Name568,Name996,1
3224,Name568,Name999,1
3225,Name568,Name875,1
3226,Name245,Name996,1
3227,Name245,Name999,1
3228,Name245,Name875,1
3229,Name996,Name999,1
3230,Name996,Name875,1
3231,Name999,Name875,1
3232,Name1581,Name533,1
3233,Name1581,Name1370,1
3234,Name1581,Name340,1
3235,Name1581,Name1079,1
3236,Name1079,Name340,1
3237,Name1079,Name1370,1
3238,Name1079,Name533,1
3239,Name340,Name1370,1
3240,Name340,Name533,1
3241,Name1370,Name533,1
3242,Name1716,Name1096,1
3243,Name1716,Name1187,1
3244,Name1187,Name1096,1
3245,Name102,Name1645,1
3246,Name463,Name1295,1
3247,Name463,Name837,1
3248,Name463,Name391,1
3249,Name463,Name1911,1
3250,Name1911,Name391,1
3251,Name1911,Name837,1
3252,Name1911,Name1295,1
3253,Name391,Name837,1
3254,Name391,Name1295,1
3255,Name837,Name1295,1
3256,Name465,Name241,1
3257,Name465,Name1326,1
3258,Name465,Name96,1
3259,Name96,Name1326,1
3260,Name96,Name241,1
3261,Name1326,Name241,1
3262,Name1836,Name1454,1
3263,Name1836,Name955,1
3264,Name1836,Name327,1
3265,Name1836,Name1767,1
3266,Name1836,Name1694,1
3267,Name1836,Name711,1
3268,Name711,Name1694,1
3269,Name711,Name1767,1
3270,Name711,Name327,1
3271,Name711,Name955,1
3272,Name711,Name1454,1
3273,Name1694,Name1767,1
3274,Name1694,Name327,1
3275,Name1694,Name955,1
3276,Name1694,Name1454,1
3277,Name1767,Name327,1
3278,Name1767,Name955,1
3279,Name1767,Name1454,1
3280,Name327,Name955,1
3281,Name327,Name1454,1
3282,Name955,Name1454,1
3283,Name1454,Name1454,1
3284,Name1454,Name955,1
3285,Name1454,Name1454,1
3286,Name1454,Name955,1
3287,Name1454,Name327,1
3288,Name1454,Name955,1
3289,Name1454,Name1454,1
3290,Name1454,Name955,1
3291,Name1454,Name327,1
3292,Name955,Name1454,1
3293,Name955,Name955,1
3294,Name955,Name327,1
3295,Name1454,Name955,1
3296,Name1454,Name327,1
3297,Name955,Name327,1
3298,Name639,Name1322,1
3299,Name639,Name1054,1
3300,Name639,Name1413,1
3301,Name639,Name848,1
3302,Name848,Name1413,1
3303,Name848,Name1054,1
3304,Name848,Name1322,1
3305,Name1413,Name1054,1
3306,Name1413,Name1322,1
3307,Name1054,Name1322,1
3308,Name1304,Name505,1
3309,Name142,Name1190,1
3310,Name142,Name1457,1
3311,Name142,Name707,1
3312,Name142,Name1809,1
3313,Name142,Name1088,1
3314,Name1088,Name1809,1
3315,Name1088,Name707,1
3316,Name1088,Name1457,1
3317,Name1088,Name1190,1
3318,Name1809,Name707,1
3319,Name1809,Name1457,1
3320,Name1809,Name1190,1
3321,Name707,Name1457,1
3322,Name707,Name1190,1
3323,Name1457,Name1190,1
3324,Name681,Name249,1
3325,Name681,Name870,1
3326,Name870,Name249,1
3327,Name1686,Name1436,1
3328,Name1686,Name1512,1
3329,Name1686,Name371,1
3330,Name371,Name1512,1
3331,Name371,Name1436,1
3332,Name1512,Name1436,1
3333,Name1037,Name943,1
3334,Name1646,Name1379,1
3335,Name1646,Name133,1
3336,Name1646,Name554,1
3337,Name1646,Name598,1
3338,Name598,Name554,1
3339,Name598,Name133,1
3340,Name598,Name1379,1
3341,Name554,Name133,1
3342,Name554,Name1379,1
3343,Name133,Name1379,1
3344,Name167,Name1847,1
3345,Name167,Name1008,1
3346,Name1008,Name1847,1
3347,Name1049,Name977,1
3348,Name1049,Name1000,1
3349,Name1049,Name871,1
3350,Name1049,Name35,1
3351,Name1049,Name1892,1
3352,Name1049,Name1908,1
3353,Name1908,Name1892,1
3354,Name1908,Name35,1
3355,Name1908,Name871,1
3356,Name1908,Name1000,1
3357,Name1908,Name977,1
3358,Name1892,Name35,1
3359,Name1892,Name871,1
3360,Name1892,Name1000,1
3361,Name1892,Name977,1
3362,Name35,Name871,1
3363,Name35,Name1000,1
3364,Name35,Name977,1
3365,Name871,Name1000,1
3366,Name871,Name977,1
3367,Name1000,Name977,1
3368,Name912,Name1208,1
3369,Name912,Name762,1
3370,Name762,Name1208,1
3371,Name262,Name1339,1
3372,Name1482,Name1773,1
3373,Name1482,Name1513,1
3374,Name1482,Name1930,1
3375,Name1930,Name1513,1
3376,Name1930,Name1773,1
3377,Name1513,Name1773,1
3378,Name765,Name1120,1
3379,Name765,Name338,1
3380,Name765,Name82,1
3381,Name765,Name1055,1
3382,Name1055,Name82,1
3383,Name1055,Name338,1
3384,Name1055,Name1120,1
3385,Name82,Name338,1
3386,Name82,Name1120,1
3387,Name338,Name1120,1
3388,Name1120,Name1120,1
3389,Name1120,Name338,1
3390,Name1120,Name1120,1
3391,Name1120,Name338,1
3392,Name1120,Name1120,1
3393,Name338,Name1120,1
3394,Name70,Name268,1
3395,Name70,Name741,1
3396,Name70,Name361,1
3397,Name70,Name1561,1
3398,Name70,Name1177,1
3399,Name70,Name1201,1
3400,Name1201,Name1177,1
3401,Name1201,Name1561,1
3402,Name1201,Name361,1
3403,Name1201,Name741,1
3404,Name1201,Name268,1
3405,Name1177,Name1561,1
3406,Name1177,Name361,1
3407,Name1177,Name741,1
3408,Name1177,Name268,1
3409,Name1561,Name361,1
3410,Name1561,Name741,1
3411,Name1561,Name268,1
3412,Name361,Name741,1
3413,Name361,Name268,1
3414,Name741,Name268,1
3415,Name1350,Name854,1
3416,Name1021,Name1080,1
3417,Name1021,Name1814,1
3418,Name1814,Name1080,1
3419,Name1508,Name1538,1
3420,Name1508,Name1329,1
3421,Name1508,Name152,1
3422,Name1508,Name1710,1
3423,Name1710,Name152,1
3424,Name1710,Name1329,1
3425,Name1710,Name1538,1
3426,Name152,Name1329,1
3427,Name152,Name1538,1
3428,Name1329,Name1538,1
3429,Name1218,Name1740,1
3430,Name1218,Name1046,1
3431,Name1218,Name92,1
3432,Name1218,Name694,1
3433,Name1218,Name531,1
3434,Name531,Name694,1
3435,Name531,Name92,1
3436,Name531,Name1046,1
3437,Name531,Name1740,1
3438,Name694,Name92,1
3439,Name694,Name1046,1
3440,Name694,Name1740,1
3441,Name92,Name1046,1
3442,Name92,Name1740,1
3443,Name1046,Name1740,1
3444,Name604,Name1889,1
3445,Name604,Name783,1
3446,Name604,Name956,1
3447,Name956,Name783,1
3448,Name956,Name1889,1
3449,Name783,Name1889,1
3450,Name172,Name676,1
3451,Name172,Name1886,1
3452,Name1886,Name676,1
3453,Name1890,Name1612,1
3454,Name1890,Name557,1
3455,Name1890,Name852,1
3456,Name1890,Name836,1
3457,Name836,Name852,1
3458,Name836,Name557,1
3459,Name836,Name1612,1
3460,Name852,Name557,1
3461,Name852,Name1612,1
3462,Name557,Name1612,1
3463,Name1531,Name695,1
3464,Name1531,Name936,1
3465,Name1531,Name317,1
3466,Name1531,Name146,1
3467,Name146,Name317,1
3468,Name146,Name936,1
3469,Name146,Name695,1
3470,Name317,Name936,1
3471,Name317,Name695,1
3472,Name936,Name695,1
3473,Name637,Name1912,1
3474,Name637,Name788,1
3475,Name637,Name865,1
3476,Name637,Name1412,1
3477,Name1412,Name865,1
3478,Name1412,Name788,1
3479,Name1412,Name1912,1
3480,Name865,Name788,1
3481,Name865,Name1912,1
3482,Name788,Name1912,1
3483,Name1912,Name1912,1
3484,Name1912,Name788,1
3485,Name1912,Name1912,1
3486,Name1912,Name788,1
3487,Name1912,Name1912,1
3488,Name788,Name1912,1
3489,Name731,Name668,1
3490,Name731,Name571,1
3491,Name731,Name1713,1
3492,Name731,Name420,1
3493,Name731,Name610,1
3494,Name1627,Name1058,1
3495,Name1627,Name161,1
3496,Name1627,Name1609,1
3497,Name1627,Name775,1
3498,Name1627,Name1228,1
3499,Name1627,Name535,1
3500,Name535,Name1228,1
3501,Name535,Name775,1
3502,Name535,Name1609,1
3503,Name535,Name161,1
3504,Name535,Name1058,1
3505,Name1228,Name775,1
3506,Name1228,Name1609,1
3507,Name1228,Name161,1
3508,Name1228,Name1058,1
3509,Name775,Name1609,1
3510,Name775,Name161,1
3511,Name775,Name1058,1
3512,Name1609,Name161,1
3513,Name1609,Name1058,1
3514,Name161,Name1058,1
3515,Name1756,Name739,1
3516,Name1756,Name544,1
3517,Name1756,Name390,1
3518,Name390,Name544,1
3519,Name390,Name739,1
3520,Name544,Name739,1
3521,Name1593,Name211,1
3522,Name1593,Name517,1
3523,Name1593,Name979,1
3524,Name1593,Name1591,1
3525,Name1591,Name979,1
3526,Name1591,Name517,1
3527,Name1591,Name211,1
3528,Name979,Name517,1
3529,Name979,Name211,1
3530,Name517,Name211,1
3531,Name916,Name447,1
3532,Name1107,Name387,1
3533,Name1107,Name1826,1
3534,Name1826,Name387,1
3535,Name1166,Name1286,1
3536,Name1166,Name1374,1
3537,Name1166,Name15,1
3538,Name1166,Name246,1
3539,Name1166,Name1863,1
3540,Name1863,Name246,1
3541,Name1863,Name15,1
3542,Name1863,Name1374,1
3543,Name1863,Name1286,1
3544,Name246,Name15,1
3545,Name246,Name1374,1
3546,Name246,Name1286,1
3547,Name15,Name1374,1
3548,Name15,Name1286,1
3549,Name1374,Name1286,1
3550,Name1286,Name1286,1
3551,Name1286,Name1374,1
3552,Name1286,Name1286,1
3553,Name1286,Name1374,1
3554,Name1286,Name1374,1
3555,Name1286,Name1286,1
3556,Name1286,Name1374,1
3557,Name1374,Name1286,1
3558,Name1374,Name1374,1
3559,Name1286,Name1374,1
3560,Name22,Name944,1
3561,Name22,Name424,1
3562,Name22,Name561,1
3563,Name22,Name1233,1
3564,Name22,Name1477,1
3565,Name1477,Name1233,1
3566,Name1477,Name561,1
3567,Name1477,Name424,1
3568,Name1477,Name944,1
3569,Name1233,Name561,1
3570,Name1233,Name424,1
3571,Name1233,Name944,1
3572,Name561,Name424,1
3573,Name561,Name944,1
3574,Name424,Name944,1
3575,Name642,Name428,1
3576,Name642,Name880,1
3577,Name642,Name342,1
3578,Name642,Name1132,1
3579,Name642,Name1363,1
3580,Name642,Name1416,1
3581,Name1416,Name1363,1
3582,Name1416,Name1132,1
3583,Name1416,Name342,1
3584,Name1416,Name880,1
3585,Name1416,Name428,1
3586,Name1363,Name1132,1
3587,Name1363,Name342,1
3588,Name1363,Name880,1
3589,Name1363,Name428,1
3590,Name1132,Name342,1
3591,Name1132,Name880,1
3592,Name1132,Name428,1
3593,Name342,Name880,1
3594,Name342,Name428,1
3595,Name880,Name428,1
3596,Name54,Name319,1
3597,Name54,Name1169,1
3598,Name54,Name967,1
3599,Name967,Name1169,1
3600,Name967,Name319,1
3601,Name1169,Name319,1
3602,Name1882,Name1076,1
3603,Name1882,Name1608,1
3604,Name1608,Name1076,1
3605,Name1664,Name723,1
3606,Name1664,Name678,1
3607,Name1664,Name368,1
3608,Name368,Name678,1
3609,Name368,Name723,1
3610,Name678,Name723,1
3611,Name100,Name1351,1
3612,Name100,Name793,1
3613,Name100,Name1397,1
3614,Name100,Name1011,1
3615,Name1011,Name1397,1
3616,Name1011,Name793,1
3617,Name1011,Name1351,1
3618,Name1397,Name793,1
3619,Name1397,Name1351,1
3620,Name793,Name1351,1
3621,Name227,Name1537,1
3622,Name227,Name1409,1
3623,Name1409,Name1537,1
3624,Name1916,Name363,1
3625,Name1916,Name190,1
3626,Name1916,Name1033,1
3627,Name1916,Name1572,1
3628,Name1916,Name1642,1
3629,Name1642,Name1572,1
3630,Name1642,Name1033,1
3631,Name1642,Name190,1
3632,Name1642,Name363,1
3633,Name1572,Name1033,1
3634,Name1572,Name190,1
3635,Name1572,Name363,1
3636,Name1033,Name190,1
3637,Name1033,Name363,1
3638,Name190,Name363,1
3639,Name49,Name1507,1
3640,Name49,Name1024,1
3641,Name49,Name1259,1
3642,Name1259,Name1024,1
3643,Name1259,Name1507,1
3644,Name1024,Name1507,1
3645,Name1715,Name271,1
3646,Name1715,Name1299,1
3647,Name1715,Name377,1
3648,Name1715,Name1705,1
3649,Name1705,Name377,1
3650,Name1705,Name1299,1
3651,Name1705,Name271,1
3652,Name377,Name1299,1
3653,Name377,Name271,1
3654,Name1299,Name271,1
3655,Name826,Name1871,1
3656,Name826,Name1848,1
3657,Name826,Name418,1
3658,Name826,Name1926,1
3659,Name826,Name772,1
3660,Name826,Name719,1
3661,Name719,Name772,1
3662,Name719,Name1926,1
3663,Name719,Name418,1
3664,Name719,Name1848,1
3665,Name719,Name1871,1
3666,Name772,Name1926,1
3667,Name772,Name418,1
3668,Name772,Name1848,1
3669,Name772,Name1871,1
3670,Name1926,Name418,1
3671,Name1926,Name1848,1
3672,Name1926,Name1871,1
3673,Name418,Name1848,1
3674,Name418,Name1871,1
3675,Name1848,Name1871,1
3676,Name19,Name841,1
3677,Name19,Name1607,1
3678,Name19,Name551,1
3679,Name551,Name1607,1
3680,Name551,Name841,1
3681,Name1607,Name841,1
3682,Name1784,Name1641,1
3683,Name281,Name98,1
3684,Name281,Name582,1
3685,Name281,Name188,1
3686,Name281,Name296,1
3687,Name296,Name188,1
3688,Name296,Name582,1
3689,Name296,Name98,1
3690,Name188,Name582,1
3691,Name188,Name98,1
3692,Name582,Name98,1
3693,Name1568,Name986,1
3694,Name1568,Name877,1
3695,Name877,Name986,1
3696,Name522,Name1852,1
3697,Name1726,Name991,1
3698,Name162,Name521,1
3699,Name162,Name988,1
3700,Name162,Name844,1
3701,Name162,Name976,1
3702,Name976,Name844,1
3703,Name976,Name988,1
3704,Name976,Name521,1
3705,Name844,Name988,1
3706,Name844,Name521,1
3707,Name988,Name521,1
3708,Susana Lunyungu,Name1307,1
3709,Susana Lunyungu,Name1227,1
3710,Name1227,Name1307,1
3711,Name608,Name263,1
3712,Name608,Name1532,1
3713,Name608,Name632,1
3714,Name608,Name829,1
3715,Name608,Name1844,1
3716,Name608,Name270,1
3717,Name270,Name1844,1
3718,Name270,Name829,1
3719,Name270,Name632,1
3720,Name270,Name1532,1
3721,Name270,Name263,1
3722,Name1844,Name829,1
3723,Name1844,Name632,1
3724,Name1844,Name1532,1
3725,Name1844,Name263,1
3726,Name829,Name632,1
3727,Name829,Name1532,1
3728,Name829,Name263,1
3729,Name632,Name1532,1
3730,Name632,Name263,1
3731,Name1532,Name263,1
3732,Name263,Name263,1
3733,Name263,Name1532,1
3734,Name263,Name263,1
3735,Name263,Name1532,1
3736,Name263,Name632,1
3737,Name263,Name1532,1
3738,Name263,Name263,1
3739,Name263,Name1532,1
3740,Name263,Name632,1
3741,Name1532,Name263,1
3742,Name1532,Name1532,1
3743,Name1532,Name632,1
3744,Name263,Name1532,1
3745,Name263,Name632,1
3746,Name1532,Name632,1
3747,Name1044,Name1394,1
3748,Name1044,Name643,1
3749,Name1044,Name457,1
3750,Name457,Name643,1
3751,Name457,Name1394,1
3752,Name643,Name1394,1
3753,Name1025,Name1901,1
3754,Name1025,Name646,1
3755,Name646,Name1901,1
3756,Name1220,Name1003,1
3757,Name1220,Name394,1
3758,Name1220,Name1097,1
3759,Name1220,Name453,1
3760,Name453,Name1097,1
3761,Name453,Name394,1
3762,Name453,Name1003,1
3763,Name1097,Name394,1
3764,Name1097,Name1003,1
3765,Name394,Name1003,1
3766,Name1667,Name330,1
3767,Name990,Name1126,1
3768,Name990,Name992,1
3769,Name990,Name1729,1
3770,Name990,Name1123,1
3771,Name1123,Name1729,1
3772,Name1123,Name992,1
3773,Name1123,Name1126,1
3774,Name1729,Name992,1
3775,Name1729,Name1126,1
3776,Name992,Name1126,1
3777,Name1126,Name1126,1
3778,Name1126,Name992,1
3779,Name1126,Name1126,1
3780,Name1126,Name992,1
3781,Name1126,Name1126,1
3782,Name992,Name1126,1
3783,Name1128,Name432,1
3784,Name1128,Name1692,1
3785,Name1128,Name1699,1
3786,Name1128,Name1662,1
3787,Name1662,Name1699,1
3788,Name1662,Name1692,1
3789,Name1662,Name432,1
3790,Name1699,Name1692,1
3791,Name1699,Name432,1
3792,Name1692,Name432,1
3793,Name873,Name898,1
3794,Name873,Name1167,1
3795,Name873,Name474,1
3796,Name474,Name1167,1
3797,Name474,Name898,1
3798,Name1167,Name898,1
3799,Name225,Name105,1
3800,Name291,Name655,1
3801,Name291,Name1455,1
3802,Name291,Name1010,1
3803,Name291,Name1817,1
3804,Name291,Name489,1
3805,Name291,Name496,1
3806,Name496,Name489,1
3807,Name496,Name1817,1
3808,Name496,Name1010,1
3809,Name496,Name1455,1
3810,Name496,Name655,1
3811,Name489,Name1817,1
3812,Name489,Name1010,1
3813,Name489,Name1455,1
3814,Name489,Name655,1
3815,Name1817,Name1010,1
3816,Name1817,Name1455,1
3817,Name1817,Name655,1
3818,Name1010,Name1455,1
3819,Name1010,Name655,1
3820,Name1455,Name655,1
3821,Name1116,Name800,1
3822,Name1116,Name1305,1
3823,Name1116,Name186,1
3824,Name1116,Name1333,1
3825,Name1333,Name186,1
3826,Name1333,Name1305,1
3827,Name1333,Name800,1
3828,Name186,Name1305,1
3829,Name186,Name800,1
3830,Name1305,Name800,1
3831,Name881,Name1389,1
3832,Name881,Name121,1
3833,Name881,Name1793,1
3834,Name244,Name1734,1
3835,Name244,Name1663,1
3836,Name1663,Name1734,1
3837,Name1742,Name80,1
3838,Name1742,Name222,1
3839,Name1742,Name1655,1
3840,Name1742,Name749,1
3841,Name749,Name1655,1
3842,Name749,Name222,1
3843,Name749,Name80,1
3844,Name1655,Name222,1
3845,Name1655,Name80,1
3846,Name222,Name80,1
3847,Name1776,Name1471,1
3848,Name1776,Name574,1
3849,Name1776,Name562,1
3850,Name1776,Name1764,1
3851,Name1764,Name562,1
3852,Name1764,Name574,1
3853,Name1764,Name1471,1
3854,Name562,Name574,1
3855,Name562,Name1471,1
3856,Name574,Name1471,1
3857,Name656,Name1856,1
3858,Name656,Name660,1
3859,Name656,Name1262,1
3860,Name1262,Name660,1
3861,Name1262,Name1856,1
3862,Name660,Name1856,1
3863,Name208,Name1751,1
3864,Name208,Name736,1
3865,Name208,Name1493,1
3866,Name208,Name126,1
3867,Name1934,Name1282,1
3868,Name1934,Name329,1
3869,Name1934,Name1158,1
3870,Name1158,Name329,1
3871,Name1158,Name1282,1
3872,Name329,Name1282,1
3873,Name1282,Name1282,1
3874,Name1282,Name329,1
3875,Name1282,Name329,1
3876,Name612,Name125,1
3877,Name6,Name1317,1
3878,Name731,Name881,1
3879,Name731,Name208,1
3880,Name731,Name1499,1
3881,Name731,Name6,1
3882,Name731,Name177,1
3883,Name177,Name6,1
3884,Name177,Name1499,1
3885,Name177,Name208,1
3886,Name177,Name881,1
3887,Name177,Name1317,1
3888,Name177,Name125,1
3889,Name6,Name1499,1
3890,Name6,Name208,1
3891,Name6,Name881,1
3892,Name6,Name1317,1
3893,Name6,Name125,1
3894,Name1499,Name208,1
3895,Name1499,Name881,1
3896,Name1499,Name1317,1
3897,Name1499,Name125,1
3898,Name208,Name881,1
3899,Name208,Name1317,1
3900,Name208,Name125,1
3901,Name881,Name1317,1
3902,Name881,Name125,1
3903,Name1317,Name125,1
3904,Violet Mbaga,Wema Kabogo,2
3905,Violet Mbaga,Susana Lunyungu,2
3906,Violet Mbaga,Loina Msigwa,2
3907,Loina Msigwa,Susana Lunyungu,2
3908,Loina Msigwa,Wema Kabogo,2
3909,Susana Lunyungu,Wema Kabogo,2
