ID,NAME,PROJECT,AGE,SEX,FAMILY,START,FRIENDS,WORK
12993.0,Name1997,,13,F,6,,5,24
13635.0,Name2639,,11,F,3,,5,22
11582.0,Name586,,12,F,1,,5,18
13807.0,Name2811,,13,F,1,,5,4
11586.0,Name590,,12,F,1,,5,19
12260.0,Name1264,,11,M,6,,5,20
12414.0,Name1418,,13,M,4,,21,8
11062.0,Name66,,13,M,2,,21,27
14191.0,Name3195,,12,M,8,,21,10
13053.0,Name2057,,13,M,4,,21,10
12813.0,Name1817,,10,F,6,,21,9
11712.0,Name716,,9,F,1,,21,26
11720.0,Name724,,14,M,6,,21,10
12429.0,Name1433,,3,F,5,,21,11
11997.0,Name1001,,9,F,3,,21,29
11097.0,Name101,,60,M,6,,21,16
13134.0,Name2138,,10,M,5,,21,2
11706.0,Name710,,49,M,5,,21,4
12157.0,Name1161,,12,F,6,,21,5
11675.0,Name679,,7,F,6,,21,26
12600.0,Name1604,,15,F,2,,21,9
13739.0,Name2743,,35,F,6,,21,15
13790.0,Name2794,,9,M,4,,21,12
12495.0,Name1499,,11,F,4,,21,3
12572.0,Name1576,,30,F,7,,21,3
14134.0,Name3138,,22,F,2,,21,3
11430.0,Name434,,12,F,4,,2,29
12958.0,Name1962,,13,M,4,,2,11
13172.0,Name2176,,12,F,2,,2,5
12566.0,Name1570,,7,F,2,,17,23
13442.0,Name2446,,8,F,6,,17,26
12820.0,Name1824,,22,M,5,,17,3
13155.0,Name2159,,12,M,5,,17,28
13806.0,Name2810,,11,M,1,,17,11
12217.0,Name1221,,12,F,0,,17,5
12804.0,Name1808,,7,F,5,,17,9
12222.0,Name1226,,12,M,6,,17,29
11398.0,Name402,,25,F,7,,17,4
13367.0,Name2371,,27,F,2,,17,21
12264.0,Name1268,,13,M,2,,17,27
11992.0,Name996,,27,F,4,,17,24
11017.0,Name21,,13,F,3,,17,27
11927.0,Name931,,7,F,3,,17,15
11966.0,Name970,,13,F,6,,17,8
12404.0,Name1408,,7,F,7,,17,5
11289.0,Name293,,12,F,5,,17,24
13191.0,Name2195,,11,M,3,,17,4
14081.0,Name3085,,13,M,6,,19,20
12855.0,Name1859,,9,F,6,,19,9
11348.0,Name352,,9,M,4,,19,19
13960.0,Name2964,,41,F,6,,19,15
11196.0,Name200,,9,M,3,,19,14
14063.0,Name3067,,8,F,2,,19,27
11998.0,Name1002,,11,F,5,,19,24
12435.0,Name1439,,14,F,6,,19,22
11321.0,Name325,,30,F,3,,19,27
14074.0,Name3078,,11,F,4,,19,5
12585.0,Name1589,,7,F,4,,19,13
12042.0,Name1046,,7,M,6,,19,20
14201.0,Name3205,,10,M,2,,19,20
11790.0,Name794,,7,F,3,,19,23
12751.0,Name1755,,8,F,6,,19,6
11242.0,Name246,,23,F,7,,19,10
11901.0,Name905,,13,F,6,,19,27
11513.0,Name517,,8,F,5,,24,16
13823.0,Name2827,,10,M,0,,24,10
11868.0,Name872,,78,F,6,,24,13
11579.0,Name583,,14,M,3,,24,15
11853.0,Name857,,10,M,6,,24,11
12644.0,Name1648,,9,M,2,,24,13
12080.0,Name1084,,13,M,5,,24,7
11376.0,Name380,,11,M,4,,24,21
13315.0,Name2319,,10,F,4,,24,22
12509.0,Name1513,,20,M,1,,24,16
11722.0,Name726,,11,F,4,,24,27
12418.0,Name1422,,15,M,6,,24,23
12935.0,Name1939,,46,F,2,,24,3
13030.0,Name2034,,15,M,3,,24,3
12410.0,Name1414,,8,M,4,,24,21
12636.0,Name1640,,9,F,6,,24,5
12950.0,Name1954,,9,M,0,,24,22
12786.0,Name1790,,9,F,5,,24,3
11885.0,Name889,,13,F,3,,24,16
11205.0,Name209,,24,M,3,,24,26
12050.0,Name1054,,14,M,6,,24,2
13961.0,Name2965,,60,F,6,,24,4
13684.0,Name2688,,11,M,4,,24,10
13973.0,Name2977,,7,M,2,,24,26
11539.0,Name543,,10,F,3,,24,26
12939.0,Name1943,,56,F,3,,20,26
11898.0,Name902,,8,F,4,,20,2
11179.0,Name183,,14,M,4,,20,3
11187.0,Name191,,11,F,1,,20,15
12673.0,Name1677,,27,F,2,,20,14
13240.0,Name2244,,13,M,5,,20,10
11961.0,Name965,,14,M,1,,20,5
14008.0,Name3012,,14,M,5,,20,19
11064.0,Name68,,10,M,6,,20,23
12976.0,Name1980,,9,F,4,,20,2
12121.0,Name1125,,27,M,6,,20,23
11084.0,Name88,,11,M,6,,20,3
13746.0,Name2750,,22,M,4,,20,5
12010.0,Name1014,,7,M,2,,20,9
11799.0,Name803,,11,M,4,,20,12
14034.0,Name3038,,12,F,2,,20,29
11848.0,Name852,,10,M,1,,20,17
12568.0,Name1572,,12,M,6,,20,29
13912.0,Name2916,,40,M,3,,20,24
12453.0,Name1457,,9,M,1,,20,22
11641.0,Name645,,10,M,3,,20,14
12899.0,Name1903,,10,F,5,,4,12
11426.0,Name430,,14,F,4,,4,11
13963.0,Name2967,,13,M,3,,4,19
14218.0,Name3222,,11,F,3,,4,15
11288.0,Name292,,13,M,3,,4,15
13307.0,Name2311,,8,M,1,,8,17
12454.0,Name1458,,14,F,4,,8,24
13664.0,Name2668,,8,M,1,,8,18
13666.0,Name2670,,11,F,4,,8,3
11130.0,Name134,,9,F,4,,8,20
13016.0,Name2020,,12,F,4,,8,6
11554.0,Name558,,10,M,4,,8,24
11825.0,Name829,,12,M,4,,8,15
11929.0,Name933,,25,F,4,,25,7
12980.0,Name1984,,12,F,2,,25,11
11965.0,Name969,,27,F,3,,25,2
13711.0,Name2715,,9,F,6,,25,2
13116.0,Name2120,,12,M,2,,25,7
13253.0,Name2257,,9,F,5,,25,7
13651.0,Name2655,,12,F,4,,25,17
13914.0,Name2918,,22,M,4,,25,27
11952.0,Name956,,13,F,2,,25,11
13956.0,Name2960,,11,M,2,,25,21
11270.0,Name274,,13,M,3,,25,15
11772.0,Name776,,12,F,4,,25,26
13738.0,Name2742,,9,F,2,,25,24
13302.0,Name2306,,13,F,7,,25,5
12400.0,Name1404,,10,F,4,,25,24
13092.0,Name2096,,23,M,2,,25,22
12738.0,Name1742,,13,F,6,,25,19
12046.0,Name1050,,12,F,6,,25,20
13849.0,Name2853,,13,M,3,,25,10
12270.0,Name1274,,12,M,6,,25,20
12623.0,Name1627,,9,F,6,,25,7
11060.0,Name64,,9,F,5,,25,7
12051.0,Name1055,,27,F,5,,25,3
12476.0,Name1480,,9,F,6,,25,22
11642.0,Name646,,10,M,5,,25,26
12000.0,Name1004,,28,F,6,,25,2
12102.0,Name1106,,11,M,6,,15,15
12518.0,Name1522,,9,F,6,,15,11
11236.0,Name240,,14,F,5,,15,2
11564.0,Name568,,35,F,4,,15,24
14161.0,Name3165,,9,M,4,,15,27
14164.0,Name3168,,9,M,5,,15,4
12970.0,Name1974,,14,M,6,,15,12
14068.0,Name3072,,9,F,2,,15,2
12110.0,Name1114,,12,F,4,,15,4
13915.0,Name2919,,32,M,5,,15,11
11188.0,Name192,,9,M,2,,15,27
12314.0,Name1318,,39,F,5,,15,5
13871.0,Name2875,,13,F,6,,15,17
13097.0,Name2101,,12,M,3,,15,11
13085.0,Name2089,,12,F,4,,15,5
11515.0,Name519,,11,F,5,,27,28
13752.0,Name2756,,11,F,6,,27,22
11422.0,Name426,,9,M,6,,27,23
11681.0,Name685,,22,M,5,,27,6
12799.0,Name1803,,7,F,3,,27,16
12389.0,Name1393,,12,F,6,,27,13
12034.0,Name1038,,12,F,3,,27,27
13096.0,Name2100,,9,F,3,,27,27
12444.0,Name1448,,13,M,5,,27,11
11355.0,Name359,,23,M,2,,27,10
11489.0,Name493,,12,F,5,,27,2
12360.0,Name1364,,13,F,5,,27,10
12302.0,Name1306,,9,F,4,,27,19
13067.0,Name2071,,55,F,6,,27,5
11483.0,Name487,,22,M,6,,27,18
11057.0,Name61,,12,M,6,,27,27
13512.0,Name2516,,13,F,5,,27,10
13636.0,Name2640,,12,F,6,,27,26
13700.0,Name2704,,60,M,4,,27,20
11477.0,Name481,,9,M,5,,27,6
13166.0,Name2170,,12,M,4,,27,28
13237.0,Name2241,,8,F,5,,27,18
12888.0,Name1892,,12,F,5,,27,18
11695.0,Name699,,11,M,1,,27,20
11989.0,Name993,,9,F,5,,27,9
13476.0,Name2480,,5,M,3,,27,12
14219.0,Name3223,,10,F,3,,27,5
12560.0,Name1564,,7,F,1,,27,5
13402.0,Name2406,,38,F,7,,6,7
12423.0,Name1427,,11,F,4,,6,28
12004.0,Name1008,,15,M,3,,6,20
14152.0,Name3156,,6,M,2,,6,29
11622.0,Name626,,11,F,5,,6,6
12144.0,Name1148,,9,F,4,,6,7
11538.0,Name542,,9,F,0,,6,5
11452.0,Name456,,14,M,6,,26,5
11496.0,Name500,,4,M,3,,26,10
12246.0,Name1250,,9,F,2,,26,8
14163.0,Name3167,,10,F,5,,26,18
12901.0,Name1905,,13,F,2,,26,9
11984.0,Name988,,22,M,4,,26,10
11438.0,Name442,,12,F,5,,26,20
13692.0,Name2696,,30,F,4,,26,28
13215.0,Name2219,,13,F,4,,26,19
12581.0,Name1585,,19,F,5,,26,22
12634.0,Name1638,,12,F,4,,26,27
13805.0,Name2809,,23,M,4,,26,7
13551.0,Name2555,,22,F,6,,26,15
11301.0,Name305,,11,F,5,,26,21
14013.0,Name3017,,9,F,4,,26,11
11688.0,Name692,,11,F,6,,26,8
13513.0,Name2517,,21,F,5,,26,16
13870.0,Name2874,,13,M,3,,26,17
13382.0,Name2386,,60,M,6,,26,20
13665.0,Name2669,,14,F,3,,26,23
11951.0,Name955,,8,M,2,,26,27
13491.0,Name2495,,40,M,6,,26,2
12464.0,Name1468,,9,M,2,,26,26
11153.0,Name157,,38,F,1,,26,24
12743.0,Name1747,,15,F,4,,26,18
11921.0,Name925,,11,F,2,,26,21
11697.0,Name701,,10,M,2,,26,14
11909.0,Name913,,13,F,2,,3,25
11909.0,Name913,,13,F,2,,2,25
11909.0,Name913,,13,F,2,,1,25
13079.0,Name2083,,40,M,2,,1,5
14012.0,Name3016,,13,F,3,,2,17
11142.0,Name146,,9,M,2,,2,4
13681.0,Name2685,,13,M,2,,2,12
11388.0,Name392,,10,F,4,,1,10
13357.0,Name2361,,12,F,3,,2,20
11742.0,Name746,,13,M,6,,3,16
12417.0,Name1421,,9,M,4,,1,23
13276.0,Name2280,,11,M,4,,3,15
12577.0,Name1581,,15,M,3,,3,28
14174.0,Name3178,,16,M,6,,2,20
11844.0,Name848,,10,M,5,,2,6
11500.0,Name504,,6,M,2,,3,29
12760.0,Name1764,,8,F,5,,3,8
13292.0,Name2296,,11,F,5,,1,9
11669.0,Name673,,28,M,6,,3,19
13156.0,Name2160,,9,M,1,,3,20
11644.0,Name648,,22,F,3,,3,28
12803.0,Name1807,,23,M,8,,2,9
13032.0,Name2036,,13,M,3,,2,19
12008.0,Name1012,,9,M,6,,3,2
11048.0,Name52,,9,F,0,,3,12
12891.0,Name1895,,11,F,3,,1,17
13578.0,Name2582,,12,M,1,,2,6
13832.0,Name2836,,11,F,2,,3,14
12968.0,Name1972,,12,F,2,,1,24
13574.0,Name2578,,49,M,4,,3,5
13993.0,Name2997,,10,M,1,,2,26
12604.0,Name1608,,14,M,5,,3,29
13233.0,Name2237,,7,F,5,,1,2
12724.0,Name1728,,12,F,7,,2,17
12597.0,Name1601,,9,M,6,,3,6
13447.0,Name2451,,9,F,3,,3,9
12321.0,Name1325,,14,M,4,,3,13
12203.0,Name1207,,24,M,3,,3,15
13677.0,Name2681,,8,F,6,,2,3
11769.0,Name773,,12,F,4,,3,20
11551.0,Name555,,12,M,6,,3,11
11806.0,Name810,,5,F,6,,2,20
13610.0,Name2614,,9,M,5,,2,6
13602.0,Name2606,,9,M,6,,2,6
13132.0,Name2136,,13,F,4,,1,21
13501.0,Name2505,,46,M,4,,1,2
11277.0,Name281,,13,M,0,,2,18
13798.0,Name2802,,55,F,3,,2,19
11773.0,Name777,,7,F,3,,3,20
13595.0,Name2599,,11,F,3,,2,26
11295.0,Name299,,9,M,3,,1,14
11073.0,Name77,,28,F,4,,3,11
13648.0,Name2652,,27,F,4,,1,19
11481.0,Name485,,8,F,6,,2,18
12351.0,Name1355,,8,M,6,,2,8
11278.0,Name282,,13,F,6,,2,5
13392.0,Name2396,,10,M,3,,3,6
13075.0,Name2079,,8,M,3,,3,17
12748.0,Name1752,,10,F,2,,2,8
11454.0,Name458,,26,F,2,,1,17
11469.0,Name473,,23,M,5,,3,23
13582.0,Name2586,,13,F,5,,2,23
12638.0,Name1642,,8,F,4,,1,6
13732.0,Name2736,,12,F,6,,3,16
11342.0,Name346,,7,M,5,,3,9
12117.0,Name1121,,14,M,5,,3,14
13626.0,Name2630,,13,M,5,,1,17
12675.0,Name1679,,11,M,3,,3,5
13427.0,Name2431,,13,M,6,,3,16
12456.0,Name1460,,9,F,2,,3,27
11479.0,Name483,,12,F,5,,2,21
11484.0,Name488,,13,F,1,,1,10
11975.0,Name979,,27,M,4,,2,6
12857.0,Name1861,,10,F,3,,1,14
11210.0,Name214,,8,M,2,,2,27
12393.0,Name1397,,11,M,3,,3,19
11664.0,Name668,,37,F,6,,3,29
11322.0,Name326,,9,M,6,,3,12
12014.0,Name1018,,26,F,6,,3,23
13985.0,Name2989,,11,F,4,,3,12
11852.0,Name856,,12,F,0,,2,14
13143.0,Name2147,,8,M,1,,1,21
11405.0,Name409,,5,M,3,,2,9
12541.0,Name1545,,4,F,4,,3,26
14204.0,Name3208,,13,M,4,,3,21
11912.0,Name916,,10,M,6,,3,28
11519.0,Name523,,12,M,6,,2,7
14126.0,Name3130,,7,F,2,,1,17
12533.0,Name1537,,9,M,3,,3,8
11436.0,Name440,,14,M,7,,2,24
12147.0,Name1151,,8,M,3,,3,9
13048.0,Name2052,,6,F,5,,2,26
11834.0,Name838,,11,M,2,,1,12
13852.0,Name2856,,13,F,1,,3,5
11292.0,Name296,,25,F,1,,3,16
12945.0,Name1949,,60,M,6,,3,18
14035.0,Name3039,,11,F,4,,3,18
13992.0,Name2996,,49,F,3,,1,26
12991.0,Name1995,,27,F,2,,2,12
12012.0,Name1016,,13,F,4,,2,10
13771.0,Name2775,,13,M,8,,1,7
13488.0,Name2492,,9,M,2,,2,18
12041.0,Name1045,,13,F,4,,2,10
11896.0,Name900,,10,F,5,,2,5
11385.0,Name389,,13,M,2,,1,11
13020.0,Name2024,,40,M,1,,2,19
11824.0,Name828,,10,M,5,,1,12
11488.0,Name492,,13,F,1,,1,11
13224.0,Name2228,,27,M,1,,3,23
11598.0,Name602,,10,F,2,,2,12
13976.0,Name2980,,12,M,5,,3,15
12503.0,Name1507,,10,F,2,,3,21
12370.0,Name1374,,25,F,5,,3,26
11721.0,Name725,,8,F,4,,1,21
11148.0,Name152,,45,M,4,,2,5
12861.0,Name1865,,9,M,5,,3,17
11005.0,Name9,,10,M,3,,3,24
11629.0,Name633,,8,F,6,,2,8
11528.0,Name532,,13,F,2,,1,15
13897.0,Name2901,,13,F,3,,3,8
13229.0,Name2233,,48,M,4,,1,16
11503.0,Name507,,13,F,1,,3,20
12018.0,Name1022,,12,F,2,,3,21
12211.0,Name1215,,33,F,4,,2,15
13393.0,Name2397,,8,F,1,,1,9
11502.0,Name506,,41,M,1,,2,2
14066.0,Name3070,,8,M,4,,2,15
11602.0,Name606,,9,M,7,,1,21
13899.0,Name2903,,12,F,2,,3,17
11055.0,Name59,,27,M,3,,3,18
13820.0,Name2824,,9,F,2,,3,14
11460.0,Name464,,12,M,5,,3,5
13459.0,Name2463,,21,M,6,,3,9
12343.0,Name1347,,9,M,6,,2,2
12679.0,Name1683,,37,M,3,,2,7
12141.0,Name1145,,9,F,2,,3,19
14120.0,Name3124,,14,M,2,,1,6
12358.0,Name1362,,9,M,1,,2,5
11305.0,Name309,,10,F,4,,3,17
12465.0,Name1469,,9,F,5,,2,15
13108.0,Name2112,,15,F,6,,3,27
14167.0,Name3171,,9,M,4,,1,14
11200.0,Name204,,10,F,6,,3,29
11587.0,Name591,,9,F,5,,2,16
12699.0,Name1703,,10,F,0,,1,22
12532.0,Name1536,,9,F,5,,2,21
12386.0,Name1390,,46,F,6,,1,2
14158.0,Name3162,,10,F,0,,3,14
13080.0,Name2084,,13,F,6,,2,13
11441.0,Name445,,9,F,4,,1,3
11978.0,Name982,,25,F,2,,2,28
12832.0,Name1836,,10,F,3,,1,11
11345.0,Name349,,13,F,4,,2,18
14040.0,Name3044,,56,F,4,,2,18
13847.0,Name2851,,12,M,2,,3,16
12651.0,Name1655,,11,F,6,,2,20
14220.0,Name3224,,14,M,3,,2,3
13429.0,Name2433,,12,F,1,,1,13
13074.0,Name2078,,12,F,7,,2,23
14026.0,Name3030,,13,M,1,,3,13
11537.0,Name541,,10,M,2,,1,14
13591.0,Name2595,,53,M,6,,3,19
12681.0,Name1685,,13,M,6,,2,29
11734.0,Name738,,10,M,5,,1,13
11014.0,Name18,,12,M,1,,2,4
13299.0,Name2303,,13,M,2,,2,3
11308.0,Name312,,13,F,6,,1,21
14196.0,Name3200,,56,M,3,,3,26
12575.0,Name1579,,13,M,3,,2,29
13056.0,Name2060,,6,F,4,,1,22
11494.0,Name498,,15,M,3,,1,21
13745.0,Name2749,,21,F,3,,2,28
13243.0,Name2247,,10,M,3,,3,4
12912.0,Name1916,,12,F,2,,3,16
12047.0,Name1051,,12,F,4,,3,12
13359.0,Name2363,,13,F,3,,3,2
13672.0,Name2676,,9,F,6,,2,15
12218.0,Name1222,,25,M,5,,1,7
13540.0,Name2544,,8,F,0,,1,18
11378.0,Name382,,15,M,3,,2,6
12655.0,Name1659,,13,M,3,,3,15
11535.0,Name539,,35,M,6,,2,14
12262.0,Name1266,,24,M,0,,2,18
13188.0,Name2192,,9,M,5,,3,9
13569.0,Name2573,,13,M,3,,2,5
12139.0,Name1143,,24,M,4,,2,23
12005.0,Name1009,,9,M,3,,1,9
13545.0,Name2549,,10,M,5,,1,16
13553.0,Name2557,,7,F,3,,1,19
13049.0,Name2053,,9,F,4,,2,28
13214.0,Name2218,,12,F,3,,3,18
11086.0,Name90,,49,F,4,,2,7
13277.0,Name2281,,10,F,5,,2,8
12053.0,Name1057,,10,F,4,,1,23
13271.0,Name2275,,14,F,5,,1,8
12063.0,Name1067,,11,F,5,,1,26
13756.0,Name2760,,14,M,4,,3,2
11612.0,Name616,,10,F,3,,2,10
12731.0,Name1735,,8,F,5,,1,6
12489.0,Name1493,,13,F,1,,2,20
13616.0,Name2620,,9,M,2,,2,12
12490.0,Name1494,,22,F,4,,1,26
12875.0,Name1879,,13,M,4,,2,15
11621.0,Name625,,61,M,4,,3,4
12126.0,Name1130,,14,F,6,,1,12
13729.0,Name2733,,13,F,2,,1,29
14039.0,Name3043,,13,F,3,,2,23
13136.0,Name2140,,12,F,6,,1,27
13204.0,Name2208,,30,M,0,,3,5
13773.0,Name2777,,13,M,4,,3,18
12956.0,Name1960,,20,M,3,,3,7
13176.0,Name2180,,13,M,3,,1,13
11447.0,Name451,,13,M,4,,3,18
13500.0,Name2504,,14,M,2,,2,5
13007.0,Name2011,,12,M,6,,1,3
11672.0,Name676,,12,M,4,,2,19
11204.0,Name208,,9,M,5,,3,8
13268.0,Name2272,,9,M,1,,1,17
14212.0,Name3216,,7,F,4,,2,22
11932.0,Name936,,13,M,1,,1,16
14210.0,Name3214,,9,M,4,,2,16
11771.0,Name775,,11,F,6,,2,13
13737.0,Name2741,,27,F,6,,2,9
12957.0,Name1961,,8,F,3,,3,16
12403.0,Name1407,,11,F,6,,3,27
13955.0,Name2959,,40,M,6,,1,7
13689.0,Name2693,,10,F,5,,1,6
11507.0,Name511,,11,M,5,,2,17
11964.0,Name968,,10,M,3,,1,11
13631.0,Name2635,,12,M,4,,3,9
13776.0,Name2780,,10,M,4,,2,19
13536.0,Name2540,,49,M,3,,3,2
12104.0,Name1108,,11,F,5,,3,15
13705.0,Name2709,,12,M,0,,3,6
14059.0,Name3063,,9,F,5,,3,24
12089.0,Name1093,,35,M,2,,3,20
13197.0,Name2201,,48,F,4,,3,13
11371.0,Name375,,48,F,4,,3,9
11614.0,Name618,,12,M,3,,3,10
12322.0,Name1326,,14,M,7,,2,5
12646.0,Name1650,,9,F,3,,3,11
12802.0,Name1806,,12,F,1,,1,28
12337.0,Name1341,,13,F,6,,3,19
14021.0,Name3025,,13,F,2,,1,14
11785.0,Name789,,13,F,4,,1,3
13660.0,Name2664,,11,M,4,,3,4
11102.0,Name106,,7,M,3,,2,8
12283.0,Name1287,,11,F,1,,3,15
11599.0,Name603,,50,M,4,,1,21
12576.0,Name1580,,11,M,5,,2,6
13023.0,Name2027,,21,M,3,,3,9
13505.0,Name2509,,13,M,5,,1,6
12969.0,Name1973,,10,M,3,,3,28
13390.0,Name2394,,11,F,4,,3,20
11258.0,Name262,,10,F,6,,3,29
13184.0,Name2188,,21,F,7,,3,21
12737.0,Name1741,,13,F,1,,2,24
12398.0,Name1402,,11,M,7,,2,8
13709.0,Name2713,,7,M,4,,2,7
11428.0,Name432,,28,F,6,,1,26
11259.0,Name263,,12,F,6,,1,5
11124.0,Name128,,9,F,3,,1,7
12247.0,Name1251,,13,F,5,,2,6
13930.0,Name2934,,9,M,1,,2,7
12998.0,Name2002,,12,F,4,,2,13
11471.0,Name475,,11,F,2,,1,4
12292.0,Name1296,,12,M,5,,2,16
13742.0,Name2746,,10,F,6,,1,23
14148.0,Name3152,,7,M,0,,1,2
12672.0,Name1676,,78,M,6,,2,24
12481.0,Name1485,,27,F,6,,2,12
12999.0,Name2003,,9,F,4,,1,20
12808.0,Name1812,,9,M,2,,1,4
12125.0,Name1129,,11,F,5,,1,12
13363.0,Name2367,,9,F,3,,3,13
12478.0,Name1482,,10,F,6,,1,5
11988.0,Name992,,14,M,1,,2,19
12466.0,Name1470,,10,M,7,,1,5
12931.0,Name1935,,48,F,6,,2,26
13418.0,Name2422,,11,M,5,,1,23
12972.0,Name1976,,24,F,5,,3,27
12894.0,Name1898,,13,F,5,,3,23
12782.0,Name1786,,75,M,4,,3,18
13724.0,Name2728,,49,M,4,,1,20
13316.0,Name2320,,14,M,3,,2,27
11705.0,Name709,,12,F,4,,3,28
12243.0,Name1247,,9,F,3,,3,16
12213.0,Name1217,,56,F,3,,3,4
13850.0,Name2854,,11,M,5,,3,28
12843.0,Name1847,,10,M,5,,1,16
11366.0,Name370,,14,F,3,,1,2
13633.0,Name2637,,53,F,6,,3,24
14015.0,Name3019,,12,M,1,,2,3
13550.0,Name2554,,11,M,2,,1,23
11973.0,Name977,,6,M,4,,2,13
12380.0,Name1384,,39,M,6,,2,24
14123.0,Name3127,,22,F,1,,3,27
13685.0,Name2689,,23,M,5,,3,23
14127.0,Name3131,,12,M,0,,2,5
12846.0,Name1850,,23,M,5,,3,11
12603.0,Name1607,,11,F,3,,3,16
14111.0,Name3115,,12,M,7,,2,7
11711.0,Name715,,27,M,7,,3,14
11798.0,Name802,,7,M,3,,3,9
13698.0,Name2702,,9,F,1,,3,8
11985.0,Name989,,39,M,4,,2,4
11012.0,Name16,,11,M,2,,2,18
12422.0,Name1426,,11,F,3,,3,9
11955.0,Name959,,24,F,4,,1,22
13876.0,Name2880,,23,F,3,,3,9
13377.0,Name2381,,9,M,3,,3,20
11723.0,Name727,,11,F,4,,2,24
13274.0,Name2278,,8,M,3,,1,8
14135.0,Name3139,,13,F,4,,3,29
13037.0,Name2041,,11,F,2,,2,21
14025.0,Name3029,,10,F,3,,2,9
14107.0,Name3111,,12,F,6,,2,18
12839.0,Name1843,,9,M,2,,3,20
12773.0,Name1777,,13,F,4,,3,14
12280.0,Name1284,,12,F,4,,2,15
14073.0,Name3077,,8,M,6,,1,19
11306.0,Name310,,8,F,5,,2,4
12911.0,Name1915,,19,F,2,,3,6
12910.0,Name1914,,13,M,6,,1,24
12112.0,Name1116,,13,M,3,,2,10
12421.0,Name1425,,12,F,2,,3,11
14183.0,Name3187,,12,M,2,,1,7
12174.0,Name1178,,12,M,2,,1,2
12230.0,Name1234,,11,F,0,,2,17
11717.0,Name721,,9,F,3,,2,5
11508.0,Name512,,12,F,3,,3,12
14114.0,Name3118,,14,M,5,,2,13
12871.0,Name1875,,46,F,5,,1,12
11358.0,Name362,,14,F,4,,2,8
11505.0,Name509,,14,M,4,,3,12
12308.0,Name1312,,12,M,3,,1,19
13246.0,Name2250,,10,F,3,,1,13
13312.0,Name2316,,49,M,6,,2,24
12816.0,Name1820,,9,F,6,,3,23
12978.0,Name1982,,10,M,6,,2,28
11663.0,Name667,,7,M,4,,1,7
13834.0,Name2838,,12,M,6,,3,27
12553.0,Name1557,,30,M,4,,2,6
13460.0,Name2464,,10,F,4,,2,9
13998.0,Name3002,,40,M,6,,1,20
11761.0,Name765,,14,F,1,,1,5
11856.0,Name860,,11,F,4,,3,13
12530.0,Name1534,,13,M,2,,2,10
13220.0,Name2224,,11,M,3,,2,15
11841.0,Name845,,19,F,3,,2,3
11280.0,Name284,,7,M,4,,2,8
11795.0,Name799,,12,M,6,,1,4
13671.0,Name2675,,13,M,5,,1,21
13046.0,Name2050,,4,M,3,,2,12
12114.0,Name1118,,9,M,6,,2,19
14209.0,Name3213,,13,M,3,,2,5
13275.0,Name2279,,13,F,3,,3,20
12796.0,Name1800,,16,M,4,,1,12
11730.0,Name734,,13,M,6,,3,15
13509.0,Name2513,,61,F,5,,2,9
13989.0,Name2993,,13,F,2,,2,15
13189.0,Name2193,,78,M,7,,1,17
11933.0,Name937,,13,M,4,,3,24
13301.0,Name2305,,4,M,4,,3,8
11990.0,Name994,,8,M,1,,3,13
12868.0,Name1872,,13,F,3,,3,6
11499.0,Name503,,38,M,4,,2,29
12093.0,Name1097,,15,M,2,,3,11
13437.0,Name2441,,9,M,2,,1,26
13694.0,Name2698,,13,M,4,,1,28
12037.0,Name1041,,10,F,5,,2,5
12742.0,Name1746,,14,M,6,,2,9
13826.0,Name2830,,40,M,4,,2,22
13247.0,Name2251,,56,M,0,,2,28
13099.0,Name2103,,12,M,1,,3,20
13502.0,Name2506,,11,F,2,,2,8
12306.0,Name1310,,35,M,1,,1,27
13001.0,Name2005,,9,F,5,,2,21
13593.0,Name2597,,13,M,5,,3,7
12194.0,Name1198,,10,M,8,,3,27
11081.0,Name85,,14,F,3,,1,18
11810.0,Name814,,12,M,6,,1,13
11367.0,Name371,,39,M,1,,2,20
11833.0,Name837,,8,F,4,,3,16
13269.0,Name2273,,13,M,4,,2,21
11830.0,Name834,,41,F,3,,3,15
11698.0,Name702,,27,M,6,,1,7
11779.0,Name783,,39,M,3,,3,26
11762.0,Name766,,13,M,5,,1,15
11873.0,Name877,,8,M,2,,1,18
11373.0,Name377,,12,M,3,,3,9
12528.0,Name1532,,13,F,4,,2,13
11260.0,Name264,,7,F,4,,2,18
11245.0,Name249,,78,F,1,,2,22
13368.0,Name2372,,13,M,4,,2,29
12588.0,Name1592,,15,F,4,,1,17
13283.0,Name2287,,13,M,4,,3,23
12201.0,Name1205,,5,M,7,,2,29
12079.0,Name1083,,33,M,4,,1,13
12463.0,Name1467,,54,F,3,,2,4
12930.0,Name1934,,13,M,1,,3,3
14192.0,Name3196,,12,F,2,,2,29
13524.0,Name2528,,9,M,6,,1,7
11817.0,Name821,,13,F,6,,2,26
14031.0,Name3035,,11,F,5,,2,14
12059.0,Name1063,,48,F,6,,3,10
12890.0,Name1894,,11,F,3,,1,20
11686.0,Name690,,15,M,5,,3,27
12027.0,Name1031,,30,M,4,,1,2
12876.0,Name1880,,12,F,2,,2,2
12625.0,Name1629,,13,M,3,,3,5
11463.0,Name467,,13,F,4,,3,19
13618.0,Name2622,,48,M,6,,1,18
12570.0,Name1574,,12,M,6,,3,20
11724.0,Name728,,12,M,1,,2,17
13101.0,Name2105,,7,M,3,,3,6
13931.0,Name2935,,12,F,1,,1,14
13344.0,Name2348,,22,F,6,,1,22
12973.0,Name1977,,11,M,2,,3,8
12494.0,Name1498,,21,M,7,,1,12
14062.0,Name3066,,10,M,1,,2,19
12938.0,Name1942,,7,F,3,,1,28
13183.0,Name2187,,7,M,0,,2,14
12605.0,Name1609,,7,M,4,,2,4
12730.0,Name1734,,14,M,3,,2,27
13933.0,Name2937,,14,M,4,,3,6
12253.0,Name1257,,12,M,2,,2,27
13811.0,Name2815,,9,M,5,,3,27
13853.0,Name2857,,12,M,2,,3,20
12208.0,Name1212,,10,F,6,,2,10
13695.0,Name2699,,12,M,5,,3,8
13161.0,Name2165,,11,F,4,,2,21
14136.0,Name3140,,10,M,5,,1,15
12983.0,Name1987,,8,M,1,,3,4
13576.0,Name2580,,12,M,1,,1,18
13898.0,Name2902,,12,M,4,,1,14
13723.0,Name2727,,10,M,3,,1,10
13606.0,Name2610,,31,F,6,,1,16
11287.0,Name291,,10,M,4,,3,5
14108.0,Name3112,,4,M,6,,3,4
12335.0,Name1339,,9,F,2,,1,16
11268.0,Name272,,10,F,4,,1,26
14189.0,Name3193,,8,F,4,,3,27
11324.0,Name328,,21,F,6,,1,6
12715.0,Name1719,,56,M,6,,3,2
11743.0,Name747,,40,F,6,,3,27
13796.0,Name2800,,15,M,6,,1,23
12369.0,Name1373,,10,F,6,,3,15
13529.0,Name2533,,12,F,4,,2,28
11838.0,Name842,,12,M,5,,2,26
11264.0,Name268,,13,F,3,,1,4
13412.0,Name2416,,12,M,6,,1,29
11125.0,Name129,,12,M,5,,3,27
13060.0,Name2064,,14,M,3,,1,11
14084.0,Name3088,,12,F,4,,1,20
12825.0,Name1829,,27,M,5,,2,3
13121.0,Name2125,,13,F,3,,3,24
13714.0,Name2718,,13,M,3,,3,8
14129.0,Name3133,,8,M,3,,2,5
11368.0,Name372,,9,F,5,,3,10
13120.0,Name2124,,13,M,5,,3,10
11703.0,Name707,,11,F,3,,1,6
13103.0,Name2107,,61,M,4,,1,17
12039.0,Name1043,,9,F,1,,3,3
11529.0,Name533,,24,M,4,,2,11
13135.0,Name2139,,12,M,3,,3,2
12590.0,Name1594,,10,F,2,,3,21
12424.0,Name1428,,9,F,0,,2,5
12676.0,Name1680,,23,M,6,,1,15
11468.0,Name472,,10,M,7,,3,16
13185.0,Name2189,,16,M,4,,1,4
12017.0,Name1021,,13,M,2,,2,4
11680.0,Name684,,14,M,5,,3,5
11900.0,Name904,,30,F,1,,2,21
11424.0,Name428,,12,M,4,,2,8
12880.0,Name1884,,48,F,6,,2,13
11545.0,Name549,,56,F,1,,2,11
13883.0,Name2887,,8,M,3,,1,5
12895.0,Name1899,,13,M,4,,3,10
12036.0,Name1040,,12,F,7,,2,24
11191.0,Name195,,9,F,4,,2,28
14090.0,Name3094,,9,M,4,,3,12
12150.0,Name1154,,8,F,5,,3,16
13762.0,Name2766,,10,M,3,,1,11
13882.0,Name2886,,25,M,4,,3,19
12578.0,Name1582,,7,F,5,,3,7
13287.0,Name2291,,22,M,4,,1,20
14195.0,Name3199,,13,F,6,,3,15
11926.0,Name930,,53,M,2,,3,2
12282.0,Name1286,,11,M,4,,1,3
12615.0,Name1619,,8,M,4,,3,15
11249.0,Name253,,11,M,8,,1,22
11977.0,Name981,,32,F,4,,1,27
13089.0,Name2093,,8,F,1,,3,20
11667.0,Name671,,10,M,4,,1,6
11269.0,Name273,,24,F,3,,2,12
11623.0,Name627,,12,F,4,,2,14
12111.0,Name1115,,12,M,2,,1,24
12519.0,Name1523,,8,M,4,,3,5
11350.0,Name354,,10,F,5,,3,27
12116.0,Name1120,,13,F,4,,1,21
13548.0,Name2552,,11,M,5,,2,21
12928.0,Name1932,,55,M,4,,2,21
12847.0,Name1851,,24,F,1,,2,12
11782.0,Name786,,13,M,4,,2,18
12836.0,Name1840,,14,M,2,,2,3
11172.0,Name176,,10,F,6,,3,22
14069.0,Name3073,,11,F,4,,1,10
13980.0,Name2984,,8,M,6,,3,14
11199.0,Name203,,9,F,5,,2,8
12511.0,Name1515,,10,F,2,,2,6
11061.0,Name65,,14,M,5,,3,16
12783.0,Name1787,,14,M,3,,3,27
14020.0,Name3024,,41,F,3,,3,27
11152.0,Name156,,4,M,1,,2,6
13841.0,Name2845,,9,F,4,,3,24
14048.0,Name3052,,14,F,5,,2,22
13341.0,Name2345,,7,M,5,,1,12
12863.0,Name1867,,8,M,5,,1,7
11443.0,Name447,,9,F,3,,3,11
12167.0,Name1171,,11,F,3,,3,29
11684.0,Name688,,11,F,2,,1,19
12817.0,Name1821,,14,F,6,,2,4
13151.0,Name2155,,6,M,3,,3,23
12687.0,Name1691,,14,F,3,,1,2
13997.0,Name3001,,13,F,2,,2,27
14169.0,Name3173,,13,M,3,,2,7
11066.0,Name70,,11,M,5,,1,26
13499.0,Name2503,,13,F,5,,2,29
12169.0,Name1173,,8,M,3,,3,3
11913.0,Name917,,11,F,4,,2,21
12221.0,Name1225,,13,M,6,,3,26
11580.0,Name584,,13,M,3,,2,24
11542.0,Name546,,8,M,8,,1,21
12095.0,Name1099,,60,M,4,,1,16
11993.0,Name997,,35,F,1,,3,16
12488.0,Name1492,,7,M,6,,1,2
12007.0,Name1011,,8,F,3,,1,29
11329.0,Name333,,12,F,1,,2,20
14004.0,Name3008,,11,F,2,,2,27
12900.0,Name1904,,37,F,4,,1,21
11409.0,Name413,,11,F,2,,3,18
11820.0,Name824,,9,M,1,,1,27
14051.0,Name3055,,9,M,3,,3,20
14046.0,Name3050,,8,M,6,,2,23
13318.0,Name2322,,40,M,3,,3,7
12774.0,Name1778,,9,F,4,,1,13
12923.0,Name1927,,13,M,6,,2,19
12611.0,Name1615,,45,F,2,,1,9
12173.0,Name1177,,11,M,2,,3,23
12985.0,Name1989,,13,F,5,,1,17
13433.0,Name2437,,4,F,2,,2,27
11827.0,Name831,,54,F,2,,1,6
13150.0,Name2154,,13,M,2,,2,6
13623.0,Name2627,,13,M,2,,3,24
14139.0,Name3143,,9,M,4,,1,26
11040.0,Name44,,9,M,6,,3,10
11375.0,Name379,,8,F,2,,3,22
13531.0,Name2535,,13,M,5,,3,24
12016.0,Name1020,,9,M,2,,2,20
13426.0,Name2430,,10,M,2,,1,28
12159.0,Name1163,,60,M,4,,1,27
14043.0,Name3047,,10,M,5,,2,3
13782.0,Name2786,,13,F,4,,3,15
11059.0,Name63,,25,F,4,,3,18
13415.0,Name2419,,56,M,6,,2,10
11144.0,Name148,,9,F,1,,3,14
11803.0,Name807,,12,F,2,,1,28
11728.0,Name732,,10,M,7,,3,24
13646.0,Name2650,,11,M,4,,2,4
11326.0,Name330,,13,M,5,,2,10
11115.0,Name119,,10,F,5,,3,29
13620.0,Name2624,,13,M,4,,3,2
12662.0,Name1666,,13,M,4,,2,6
12613.0,Name1617,,10,M,5,,3,20
11104.0,Name108,,12,F,4,,1,2
14155.0,Name3159,,21,M,4,,1,17
12286.0,Name1290,,38,F,3,,1,4
13202.0,Name2206,,24,M,0,,3,19
13736.0,Name2740,,13,M,6,,3,11
12289.0,Name1293,,8,M,3,,2,9
12757.0,Name1761,,12,M,3,,2,8
13288.0,Name2292,,28,F,1,,3,21
12425.0,Name1429,,10,F,6,,1,26
13560.0,Name2564,,50,F,2,,3,4
13187.0,Name2191,,7,F,6,,1,9
11923.0,Name927,,26,M,1,,3,10
12954.0,Name1958,,15,M,4,,2,15
12892.0,Name1896,,19,M,6,,1,22
12363.0,Name1367,,8,M,3,,3,6
14181.0,Name3185,,10,M,4,,1,20
12455.0,Name1459,,13,F,4,,2,6
12461.0,Name1465,,54,F,4,,3,4
12263.0,Name1267,,13,M,4,,3,12
12094.0,Name1098,,11,F,3,,3,14
13291.0,Name2295,,46,M,6,,1,11
11087.0,Name91,,9,M,1,,3,13
13968.0,Name2972,,9,M,8,,3,6
11959.0,Name963,,13,M,1,,1,23
13533.0,Name2537,,10,F,3,,1,17
11520.0,Name524,,12,F,5,,2,24
13988.0,Name2992,,55,F,5,,1,10
12406.0,Name1410,,9,F,6,,3,26
13575.0,Name2579,,9,F,1,,2,2
13242.0,Name2246,,12,F,4,,2,22
12183.0,Name1187,,56,F,2,,2,2
12185.0,Name1189,,9,F,4,,1,6
13863.0,Name2867,,25,F,2,,3,12
13625.0,Name2629,,14,F,6,,2,26
12068.0,Name1072,,12,M,4,,3,8
12340.0,Name1344,,30,F,4,,2,20
11147.0,Name151,,7,F,3,,3,11
13000.0,Name2004,,26,M,3,,1,29
12065.0,Name1069,,9,M,4,,3,26
12527.0,Name1531,,10,M,4,,3,29
12038.0,Name1042,,13,M,1,,3,12
13597.0,Name2601,,11,F,4,,2,4
11096.0,Name100,,12,M,3,,3,27
11925.0,Name929,,13,F,2,,2,8
13477.0,Name2481,,11,F,8,,2,17
11935.0,Name939,,22,M,7,,2,26
13733.0,Name2737,,12,M,6,,2,12
13704.0,Name2708,,14,F,5,,3,8
11297.0,Name301,,49,M,4,,2,26
13273.0,Name2277,,10,F,3,,3,10
12097.0,Name1101,,8,M,3,,3,13
12583.0,Name1587,,10,F,4,,1,16
14138.0,Name3142,,40,F,4,,1,2
12367.0,Name1371,,11,M,3,,1,23
11572.0,Name576,,11,F,6,,3,15
11246.0,Name250,,14,M,6,,1,16
11225.0,Name229,,9,F,6,,1,4
13397.0,Name2401,,10,M,4,,1,24
14222.0,Name3226,,9,M,4,,1,8
11839.0,Name843,,8,F,4,,1,27
12762.0,Name1766,,9,F,2,,2,9
13661.0,Name2665,,10,M,6,,3,10
11427.0,Name431,,11,F,7,,2,9
12917.0,Name1921,,9,F,8,,1,17
12660.0,Name1664,,25,M,4,,2,6
11016.0,Name20,,21,F,0,,1,11
13740.0,Name2744,,13,F,2,,3,10
13916.0,Name2920,,12,F,4,,1,27
11111.0,Name115,,20,M,3,,1,18
13212.0,Name2216,,10,F,4,,1,27
12989.0,Name1993,,12,F,4,,1,18
13113.0,Name2117,,9,F,3,,2,18
11139.0,Name143,,13,M,2,,3,5
12428.0,Name1432,,9,F,6,,2,11
11431.0,Name435,,9,M,1,,1,21
13986.0,Name2990,,13,M,8,,2,8
11753.0,Name757,,9,F,4,,2,19
12433.0,Name1437,,12,F,5,,2,11
13365.0,Name2369,,25,M,1,,3,12
12858.0,Name1862,,14,M,6,,2,28
13411.0,Name2415,,9,F,5,,3,7
13328.0,Name2332,,14,F,4,,1,21
14071.0,Name3075,,13,M,4,,3,3
11719.0,Name723,,11,M,4,,1,4
11889.0,Name893,,13,M,4,,3,3
11346.0,Name350,,10,M,3,,2,27
12060.0,Name1064,,10,M,3,,1,28
12220.0,Name1224,,25,M,2,,1,11
11674.0,Name678,,12,M,7,,3,3
13181.0,Name2185,,12,M,2,,3,11
14143.0,Name3147,,9,F,3,,3,14
11407.0,Name411,,7,M,5,,2,22
12091.0,Name1095,,12,F,1,,3,6
13216.0,Name2220,,23,M,4,,2,5
11238.0,Name242,,9,F,3,,1,27
13730.0,Name2734,,11,M,2,,1,20
12741.0,Name1745,,4,F,6,,2,26
12780.0,Name1784,,12,M,5,,1,21
11679.0,Name683,,12,F,2,,1,21
13068.0,Name2072,,22,F,6,,2,4
12353.0,Name1357,,13,F,7,,1,24
12882.0,Name1886,,9,M,6,,3,21
11028.0,Name32,,10,F,1,,3,9
12022.0,Name1026,,12,F,4,,3,2
14029.0,Name3033,,12,M,4,,1,15
11455.0,Name459,,12,M,2,,2,26
12915.0,Name1919,,13,M,4,,2,18
13071.0,Name2075,,40,M,4,,1,4
13003.0,Name2007,,13,M,3,,3,6
12397.0,Name1401,,12,M,2,,2,13
12610.0,Name1614,,13,M,2,,2,24
12598.0,Name1602,,12,F,4,,3,2
11461.0,Name465,,10,F,0,,1,9
13386.0,Name2390,,10,F,5,,1,12
13947.0,Name2951,,41,F,3,,2,26
11616.0,Name620,,13,F,6,,2,26
13005.0,Name2009,,13,F,2,,3,4
14024.0,Name3028,,11,F,4,,1,22
11241.0,Name245,,13,F,4,,1,14
13270.0,Name2274,,7,M,4,,3,18
12941.0,Name1945,,30,M,6,,2,8
14065.0,Name3069,,10,F,5,,1,15
12480.0,Name1484,,25,F,4,,1,4
13789.0,Name2793,,4,F,4,,3,13
11620.0,Name624,,10,M,2,,3,3
13154.0,Name2158,,7,F,3,,3,26
11009.0,Name13,,55,M,1,,2,8
13828.0,Name2832,,14,M,4,,3,6
13670.0,Name2674,,12,F,7,,2,14
12334.0,Name1338,,11,F,4,,1,20
12207.0,Name1211,,24,F,6,,2,13
12179.0,Name1183,,13,F,5,,3,10
13918.0,Name2922,,12,M,7,,2,9
11474.0,Name478,,11,F,5,,3,18
11648.0,Name652,,12,M,4,,2,23
13228.0,Name2232,,24,M,6,,3,3
13760.0,Name2764,,9,F,6,,3,29
13044.0,Name2048,,10,F,3,,3,20
11312.0,Name316,,45,F,5,,2,16
11944.0,Name948,,23,M,3,,3,20
11234.0,Name238,,13,F,3,,3,9
12897.0,Name1901,,12,M,0,,1,7
12669.0,Name1673,,13,M,6,,1,4
13598.0,Name2602,,10,M,1,,3,14
11819.0,Name823,,9,M,4,,1,15
12492.0,Name1496,,11,F,3,,3,5
11592.0,Name596,,11,M,6,,3,4
11228.0,Name232,,11,M,2,,3,20
12631.0,Name1635,,12,F,7,,3,28
13634.0,Name2638,,46,F,3,,1,14
13667.0,Name2671,,10,M,2,,2,5
12228.0,Name1232,,12,M,5,,3,9
12849.0,Name1853,,12,M,5,,2,16
13571.0,Name2575,,12,M,1,,2,15
13851.0,Name2855,,12,M,1,,3,23
11296.0,Name300,,8,F,3,,3,18
12885.0,Name1889,,11,F,7,,2,27
12668.0,Name1672,,13,F,5,,3,27
11829.0,Name833,,12,F,6,,1,14
12918.0,Name1922,,14,F,1,,3,29
12332.0,Name1336,,9,M,5,,3,21
11492.0,Name496,,75,F,2,,1,22
11044.0,Name48,,14,F,3,,1,17
13799.0,Name2803,,23,M,6,,3,2
11754.0,Name758,,12,F,5,,2,21
11870.0,Name874,,11,M,6,,2,9
11627.0,Name631,,13,F,6,,1,14
13547.0,Name2551,,12,F,3,,3,9
13937.0,Name2941,,14,F,5,,2,28
11710.0,Name714,,61,F,3,,1,17
11922.0,Name926,,40,F,3,,3,26
11416.0,Name420,,12,M,5,,3,4
11176.0,Name180,,15,F,1,,3,3
13444.0,Name2448,,12,M,8,,2,12
12663.0,Name1667,,13,M,6,,2,17
13144.0,Name2148,,11,M,3,,1,26
13713.0,Name2717,,14,F,6,,3,24
12873.0,Name1877,,11,F,6,,1,10
12784.0,Name1788,,11,F,5,,3,6
12384.0,Name1388,,12,M,4,,1,15
13654.0,Name2658,,12,M,5,,3,21
13866.0,Name2870,,16,M,6,,1,4
11420.0,Name424,,12,M,3,,2,12
13563.0,Name2567,,9,F,1,,3,22
13696.0,Name2700,,78,F,7,,3,19
14032.0,Name3036,,13,F,8,,2,17
12768.0,Name1772,,41,F,3,,2,17
13209.0,Name2213,,33,F,3,,2,9
13127.0,Name2131,,12,M,4,,3,15
11634.0,Name638,,9,F,7,,1,10
11976.0,Name980,,10,M,6,,2,23
12043.0,Name1047,,9,M,3,,2,20
11608.0,Name612,,21,M,4,,3,27
12293.0,Name1297,,12,M,4,,3,16
13213.0,Name2217,,33,F,5,,2,11
12540.0,Name1544,,32,M,4,,2,29
11119.0,Name123,,8,F,0,,1,24
12729.0,Name1733,,27,M,3,,3,21
13466.0,Name2470,,10,F,6,,2,20
11590.0,Name594,,10,F,5,,2,17
13673.0,Name2677,,10,M,3,,3,8
12033.0,Name1037,,15,F,3,,2,15
13028.0,Name2032,,8,F,3,,2,12
13523.0,Name2527,,10,M,6,,1,29
13086.0,Name2090,,13,F,6,,2,18
12667.0,Name1671,,10,F,1,,3,15
12835.0,Name1839,,10,F,6,,1,16
12155.0,Name1159,,13,F,4,,3,7
11617.0,Name621,,8,M,6,,2,15
11008.0,Name12,,32,M,2,,1,29
12777.0,Name1781,,31,M,8,,1,17
13059.0,Name2063,,75,M,6,,1,11
13389.0,Name2393,,13,F,6,,3,2
12462.0,Name1466,,25,F,4,,1,15
14105.0,Name3109,,11,M,4,,2,22
12974.0,Name1978,,27,M,4,,2,19
12987.0,Name1991,,8,F,5,,1,22
13358.0,Name2362,,8,F,4,,2,26
13110.0,Name2114,,13,F,5,,3,4
11729.0,Name733,,45,M,4,,2,24
11559.0,Name563,,9,M,5,,1,20
11194.0,Name198,,10,F,4,,1,26
13950.0,Name2954,,10,M,6,,2,5
12442.0,Name1446,,13,F,3,,3,5
13868.0,Name2872,,11,F,5,,3,19
13362.0,Name2366,,11,F,6,,1,18
12963.0,Name1967,,12,F,6,,3,23
12251.0,Name1255,,9,F,0,,2,8
13896.0,Name2900,,9,M,6,,3,23
12779.0,Name1783,,22,M,4,,1,5
11354.0,Name358,,8,M,2,,2,13
13858.0,Name2862,,12,M,2,,2,17
13338.0,Name2342,,15,F,6,,3,9
13568.0,Name2572,,12,F,6,,2,28
11526.0,Name530,,9,M,0,,3,6
13492.0,Name2496,,60,F,6,,2,20
13435.0,Name2439,,30,M,1,,3,7
13326.0,Name2330,,10,M,5,,3,27
13750.0,Name2754,,9,M,2,,2,22
12006.0,Name1010,,13,F,4,,3,26
11215.0,Name219,,13,M,4,,2,8
12946.0,Name1950,,35,M,2,,3,16
11418.0,Name422,,13,M,4,,1,3
12238.0,Name1242,,10,M,1,,1,28
11942.0,Name946,,14,M,4,,1,21
11333.0,Name337,,12,M,6,,2,27
12376.0,Name1380,,7,M,5,,1,6
11167.0,Name171,,9,F,2,,2,8
13013.0,Name2017,,7,M,6,,1,13
11939.0,Name943,,9,F,4,,2,23
13701.0,Name2705,,11,F,4,,1,4
12559.0,Name1563,,12,F,3,,3,2
12696.0,Name1700,,10,F,6,,2,4
12182.0,Name1186,,10,M,0,,3,15
11221.0,Name225,,9,F,6,,2,11
11569.0,Name573,,35,F,6,,1,28
12959.0,Name1963,,60,F,4,,1,6
11626.0,Name630,,25,M,2,,3,24
13621.0,Name2625,,11,F,3,,2,3
13033.0,Name2037,,14,M,3,,3,18
12226.0,Name1230,,10,M,2,,1,11
13822.0,Name2826,,12,M,3,,2,10
11250.0,Name254,,8,M,1,,1,21
13174.0,Name2178,,40,F,1,,2,18
13232.0,Name2236,,13,M,5,,1,9
13072.0,Name2076,,39,F,3,,2,21
12648.0,Name1652,,10,F,2,,2,5
11027.0,Name31,,13,M,2,,1,5
12827.0,Name1831,,9,F,4,,3,23
11794.0,Name798,,10,M,3,,3,12
13445.0,Name2449,,14,M,6,,3,23
13949.0,Name2953,,12,F,3,,1,22
12154.0,Name1158,,9,F,4,,1,6
11261.0,Name265,,12,M,3,,2,16
14079.0,Name3083,,10,M,1,,2,28
12649.0,Name1653,,8,F,5,,3,3
11726.0,Name730,,9,M,5,,1,21
11835.0,Name839,,37,F,6,,1,29
11600.0,Name604,,40,F,3,,2,12
12984.0,Name1988,,12,F,4,,1,26
13376.0,Name2380,,14,F,3,,2,27
11404.0,Name408,,15,M,6,,2,27
12177.0,Name1181,,8,M,1,,2,9
11379.0,Name383,,32,M,6,,2,8
14112.0,Name3116,,61,F,2,,2,8
11158.0,Name162,,9,M,5,,3,6
11123.0,Name127,,13,M,4,,3,15
12303.0,Name1307,,6,M,3,,2,5
11092.0,Name96,,48,F,0,,1,21
13686.0,Name2690,,10,M,5,,2,12
11851.0,Name855,,10,M,4,,3,21
11437.0,Name441,,60,M,1,,3,22
14175.0,Name3179,,13,F,6,,2,13
13816.0,Name2820,,9,M,5,,1,22
13112.0,Name2116,,8,F,4,,2,15
13991.0,Name2995,,3,M,7,,3,2
11070.0,Name74,,13,F,3,,2,20
11759.0,Name763,,8,M,6,,3,3
13860.0,Name2864,,39,F,6,,2,29
14150.0,Name3154,,8,F,5,,1,29
13054.0,Name2058,,13,F,3,,3,20
13503.0,Name2507,,11,M,4,,1,5
11776.0,Name780,,26,F,3,,3,24
12413.0,Name1417,,10,F,6,,2,17
13927.0,Name2931,,19,F,3,,3,13
11915.0,Name919,,11,F,2,,2,27
13603.0,Name2607,,28,M,2,,3,27
11677.0,Name681,,12,F,4,,1,11
13652.0,Name2656,,13,M,3,,1,28
11255.0,Name259,,11,M,4,,1,3
14160.0,Name3164,,7,F,6,,3,20
12066.0,Name1070,,12,F,2,,3,21
11384.0,Name388,,13,M,5,,1,26
11683.0,Name687,,12,M,3,,2,18
14089.0,Name3093,,21,M,5,,3,6
12319.0,Name1323,,7,M,2,,2,11
13765.0,Name2769,,8,F,3,,3,29
13792.0,Name2796,,40,F,6,,1,18
12029.0,Name1033,,90,F,3,,2,26
11159.0,Name163,,37,F,1,,2,22
11826.0,Name830,,39,M,6,,1,21
13869.0,Name2873,,23,F,5,,2,12
13436.0,Name2440,,9,F,6,,3,6
11361.0,Name365,,53,M,6,,3,10
12206.0,Name1210,,15,M,3,,1,14
12002.0,Name1006,,13,F,3,,1,21
12558.0,Name1562,,9,F,2,,2,28
13107.0,Name2111,,11,M,4,,2,5
11699.0,Name703,,10,F,6,,2,17
11399.0,Name403,,13,F,3,,3,6
12205.0,Name1209,,13,M,6,,1,17
11624.0,Name628,,22,M,3,,2,3
14054.0,Name3058,,37,F,2,,3,13
11390.0,Name394,,12,F,4,,3,6
13448.0,Name2452,,12,F,2,,3,17
11490.0,Name494,,11,F,5,,1,24
13764.0,Name2768,,9,F,3,,2,19
11472.0,Name476,,13,M,5,,3,21
12300.0,Name1304,,13,M,5,,1,26
13410.0,Name2414,,11,F,3,,3,22
11633.0,Name637,,9,F,5,,1,10
12859.0,Name1863,,9,F,6,,3,2
12441.0,Name1445,,8,F,4,,3,5
13284.0,Name2288,,12,M,5,,2,17
11855.0,Name859,,10,F,3,,3,14
13913.0,Name2917,,11,F,2,,3,19
11767.0,Name771,,56,F,5,,2,16
12561.0,Name1565,,12,M,4,,1,2
12151.0,Name1155,,32,M,6,,2,16
11013.0,Name17,,13,F,5,,2,6
14149.0,Name3153,,10,F,6,,3,26
11613.0,Name617,,12,M,4,,2,16
11919.0,Name923,,16,F,6,,3,9
14007.0,Name3011,,40,M,3,,3,2
12856.0,Name1860,,8,M,5,,1,28
13355.0,Name2359,,40,M,5,,3,21
11328.0,Name332,,8,M,4,,2,6
11577.0,Name581,,12,M,3,,3,23
13885.0,Name2889,,11,M,5,,3,18
13830.0,Name2834,,24,F,6,,3,17
13218.0,Name2222,,9,F,4,,1,16
11340.0,Name344,,14,M,2,,1,18
12330.0,Name1334,,14,M,6,,1,13
12324.0,Name1328,,14,F,5,,1,26
13470.0,Name2474,,11,M,3,,1,9
11657.0,Name661,,10,M,4,,3,11
13306.0,Name2310,,75,F,4,,3,12
12830.0,Name1834,,12,F,1,,1,28
11453.0,Name457,,11,M,3,,3,21
11690.0,Name694,,11,M,6,,2,3
13345.0,Name2349,,10,F,5,,1,29
13894.0,Name2898,,8,F,1,,2,3
13238.0,Name2242,,14,M,7,,3,6
13279.0,Name2283,,13,M,2,,3,13
13904.0,Name2908,,10,F,5,,1,29
11946.0,Name950,,11,M,1,,1,7
11006.0,Name10,,13,M,2,,2,3
13400.0,Name2404,,12,M,3,,3,23
13248.0,Name2252,,12,F,4,,1,9
12728.0,Name1732,,14,M,4,,2,21
13469.0,Name2473,,11,F,4,,1,11
12024.0,Name1028,,11,F,1,,3,9
13495.0,Name2499,,14,F,3,,2,22
12952.0,Name1956,,31,M,1,,1,5
12359.0,Name1363,,24,M,3,,1,22
12619.0,Name1623,,12,M,1,,3,8
13314.0,Name2318,,14,F,4,,3,7
12914.0,Name1918,,54,M,5,,3,9
11039.0,Name43,,14,M,7,,2,12
11146.0,Name150,,12,F,2,,1,9
13487.0,Name2491,,13,F,6,,1,3
13093.0,Name2097,,12,M,4,,1,8
12061.0,Name1065,,29,F,5,,1,17
11077.0,Name81,,24,F,2,,1,14
12325.0,Name1329,,13,F,4,,3,11
12225.0,Name1229,,49,F,3,,1,22
13319.0,Name2323,,22,F,6,,2,10
13290.0,Name2294,,15,M,1,,1,23
13300.0,Name2304,,10,F,1,,3,26
11190.0,Name194,,10,M,4,,2,22
13175.0,Name2179,,13,M,6,,1,28
13845.0,Name2849,,11,F,3,,2,6
13070.0,Name2074,,27,F,6,,1,11
13642.0,Name2646,,11,M,3,,2,8
14185.0,Name3189,,10,M,5,,1,22
11619.0,Name623,,11,F,1,,2,11
12365.0,Name1369,,9,F,6,,2,12
12085.0,Name1089,,8,M,4,,3,4
12955.0,Name1959,,11,M,2,,2,12
13019.0,Name2023,,9,F,2,,3,28
12152.0,Name1156,,46,M,4,,3,19
14166.0,Name3170,,90,M,3,,3,17
11615.0,Name619,,13,M,0,,1,19
14099.0,Name3103,,3,F,6,,1,29
13794.0,Name2798,,56,M,2,,3,18
11000.0,Jane Kiyeyeu,MiFiMa,61,F,5,2018.0,2,18
13965.0,Name2969,,14,F,6,,3,19
13942.0,Name2946,,14,M,5,,2,15
11905.0,Name909,,13,M,4,,2,19
12701.0,Name1705,,13,M,1,,3,2
12341.0,Name1345,,75,M,0,,3,12
13570.0,Name2574,,9,M,4,,3,20
12990.0,Name1994,,12,F,6,,3,6
11053.0,Name57,,10,F,4,,1,18
13779.0,Name2783,,10,M,3,,1,21
11334.0,Name338,,60,F,3,,1,23
11950.0,Name954,,8,M,4,,3,4
11343.0,Name347,,27,F,5,,2,17
13734.0,Name2738,,8,M,3,,2,27
12997.0,Name2001,,22,M,3,,2,3
13837.0,Name2841,,8,M,4,,1,11
12840.0,Name1844,,31,M,1,,2,14
12809.0,Name1813,,27,M,6,,3,14
11593.0,Name597,,12,F,2,,2,8
12390.0,Name1394,,7,M,5,,3,15
11208.0,Name212,,11,M,1,,2,3
13663.0,Name2667,,11,M,4,,2,19
11143.0,Name147,,14,M,3,,1,10
11882.0,Name886,,30,F,4,,1,18
13337.0,Name2341,,29,M,6,,1,29
14082.0,Name3086,,24,M,6,,2,13
12432.0,Name1436,,10,M,6,,3,2
13962.0,Name2966,,56,M,4,,1,5
12467.0,Name1471,,14,M,7,,1,19
13320.0,Name2324,,11,M,3,,2,8
13374.0,Name2378,,11,M,6,,3,19
11575.0,Name579,,12,F,4,,1,23
11718.0,Name722,,23,M,2,,1,6
13881.0,Name2885,,12,F,7,,2,29
11303.0,Name307,,15,M,6,,3,12
12451.0,Name1455,,12,M,2,,2,8
12601.0,Name1605,,10,M,5,,1,18
14223.0,Name3227,,24,M,4,,3,14
11837.0,Name841,,45,F,2,,3,12
11661.0,Name665,,9,M,2,,1,18
12529.0,Name1533,,13,F,2,,1,5
12670.0,Name1674,,9,F,3,,2,6
11004.0,Name8,,13,M,4,,3,9
13449.0,Name2453,,13,M,1,,1,16
11212.0,Name216,,5,M,2,,1,22
11429.0,Name433,,10,F,5,,1,2
12328.0,Name1332,,11,M,6,,2,18
13173.0,Name2177,,34,M,5,,3,27
12798.0,Name1802,,90,M,4,,2,5
11207.0,Name211,,13,F,6,,3,5
12721.0,Name1725,,10,F,5,,1,6
13472.0,Name2476,,7,F,3,,3,7
13255.0,Name2259,,23,M,3,,1,23
13022.0,Name2026,,14,F,4,,3,20
13177.0,Name2181,,10,F,5,,3,29
11511.0,Name515,,13,F,2,,1,16
13809.0,Name2813,,4,F,1,,2,5
12508.0,Name1512,,10,F,4,,3,18
11842.0,Name846,,10,M,6,,1,11
12694.0,Name1698,,61,F,6,,3,20
13395.0,Name2399,,8,F,2,,3,4
12526.0,Name1530,,45,M,3,,2,28
11425.0,Name429,,14,F,4,,3,22
12562.0,Name1566,,8,F,2,,2,3
13599.0,Name2603,,12,F,6,,3,19
11934.0,Name938,,5,F,3,,2,9
12864.0,Name1868,,14,M,6,,2,16
11164.0,Name168,,12,M,3,,2,16
13012.0,Name2016,,12,M,5,,3,17
11563.0,Name567,,7,F,3,,2,27
11353.0,Name357,,9,M,2,,3,9
12439.0,Name1443,,11,F,2,,3,12
13256.0,Name2260,,13,F,6,,1,21
13596.0,Name2600,,9,M,4,,1,14
11262.0,Name266,,12,M,5,,1,4
11756.0,Name760,,23,F,6,,3,28
11069.0,Name73,,13,F,2,,2,28
13839.0,Name2843,,10,F,3,,1,18
11714.0,Name718,,7,M,2,,3,18
11247.0,Name251,,10,M,3,,2,17
13530.0,Name2534,,11,F,5,,1,6
13712.0,Name2716,,10,F,6,,3,10
12633.0,Name1637,,9,M,4,,2,8
11387.0,Name391,,10,F,4,,3,8
13783.0,Name2787,,12,M,6,,1,8
12739.0,Name1743,,11,M,3,,3,12
13011.0,Name2015,,26,F,0,,2,8
11618.0,Name622,,7,M,4,,1,29
12045.0,Name1049,,9,M,2,,3,4
13043.0,Name2047,,9,M,1,,3,9
13399.0,Name2403,,10,F,3,,1,11
12146.0,Name1150,,11,M,1,,3,27
11213.0,Name217,,12,F,3,,3,6
11949.0,Name953,,11,M,3,,2,9
12622.0,Name1626,,7,M,3,,3,4
12693.0,Name1697,,14,M,6,,1,24
13196.0,Name2200,,56,F,1,,2,28
11226.0,Name230,,12,F,3,,3,15
13727.0,Name2731,,8,M,4,,1,11
11910.0,Name914,,7,F,3,,3,7
12937.0,Name1941,,11,M,6,,1,26
13880.0,Name2884,,9,M,1,,2,10
12412.0,Name1416,,11,F,2,,2,3
14095.0,Name3099,,10,F,3,,3,6
12867.0,Name1871,,23,F,5,,3,5
13124.0,Name2128,,10,F,5,,3,5
13967.0,Name2971,,7,F,5,,2,5
11972.0,Name976,,11,M,2,,1,24
13573.0,Name2577,,9,F,6,,1,28
13544.0,Name2548,,12,F,5,,2,7
11466.0,Name470,,9,F,6,,3,22
13707.0,Name2711,,48,M,4,,2,17
12718.0,Name1722,,12,M,6,,3,14
12133.0,Name1137,,11,M,5,,2,27
12064.0,Name1068,,21,F,2,,1,4
11121.0,Name125,,13,F,3,,1,22
13388.0,Name2392,,8,F,3,,3,20
14213.0,Name3217,,41,M,4,,1,11
13343.0,Name2347,,61,F,2,,3,10
11557.0,Name561,,13,M,2,,1,21
12469.0,Name1473,,14,M,6,,3,27
13797.0,Name2801,,13,M,2,,3,3
12539.0,Name1543,,14,M,0,,1,20
13360.0,Name2364,,9,M,4,,3,9
13561.0,Name2565,,12,F,3,,3,4
11344.0,Name348,,38,F,6,,2,2
11804.0,Name808,,26,F,3,,3,14
12837.0,Name1841,,9,M,8,,3,13
11414.0,Name418,,20,M,6,,2,27
12569.0,Name1573,,11,M,6,,1,28
12678.0,Name1682,,3,F,3,,2,20
11235.0,Name239,,11,F,2,,2,26
13298.0,Name2302,,11,F,1,,1,12
13546.0,Name2550,,23,F,2,,3,6
12338.0,Name1342,,14,F,6,,2,6
13958.0,Name2962,,10,M,4,,1,24
14030.0,Name3034,,9,M,0,,3,21
11206.0,Name210,,8,F,2,,3,15
13179.0,Name2183,,22,M,4,,3,2
12058.0,Name1062,,10,F,5,,3,10
12606.0,Name1610,,54,M,4,,2,19
13810.0,Name2814,,11,F,8,,3,24
12487.0,Name1491,,37,M,1,,1,7
12525.0,Name1529,,12,M,4,,2,4
12354.0,Name1358,,8,F,4,,3,8
13422.0,Name2426,,6,M,6,,2,20
11735.0,Name739,,26,F,5,,3,16
12468.0,Name1472,,12,F,6,,1,7
13787.0,Name2791,,24,F,6,,3,14
11521.0,Name525,,55,F,1,,2,12
11025.0,Name29,,8,F,2,,1,5
13282.0,Name2286,,8,M,5,,1,3
11584.0,Name588,,13,M,4,,1,2
13039.0,Name2043,,13,M,6,,3,6
13295.0,Name2299,,7,M,1,,1,18
12933.0,Name1937,,9,M,4,,3,15
11162.0,Name166,,12,F,2,,1,11
11118.0,Name122,,13,M,6,,3,20
12544.0,Name1548,,12,F,4,,3,27
13178.0,Name2182,,12,M,3,,2,20
12470.0,Name1474,,13,F,4,,2,17
13223.0,Name2227,,23,F,2,,2,15
12785.0,Name1789,,48,M,4,,1,27
13511.0,Name2515,,8,M,3,,1,23
12684.0,Name1688,,55,M,4,,1,28
12749.0,Name1753,,11,F,5,,3,6
13239.0,Name2243,,8,F,6,,2,27
11231.0,Name235,,50,F,6,,2,22
11018.0,Name22,,11,M,5,,3,19
12781.0,Name1785,,15,M,5,,3,10
13775.0,Name2779,,28,F,4,,1,23
11963.0,Name967,,10,M,6,,3,15
13167.0,Name2171,,11,F,2,,1,29
12903.0,Name1907,,27,M,6,,3,8
12252.0,Name1256,,13,F,5,,3,6
11136.0,Name140,,10,M,1,,3,26
12120.0,Name1124,,10,F,2,,2,4
14018.0,Name3022,,12,M,4,,1,14
11558.0,Name562,,11,M,6,,3,28
11716.0,Name720,,12,M,6,,3,10
13130.0,Name2134,,8,M,3,,3,28
11947.0,Name951,,12,M,0,,2,24
11074.0,Name78,,13,F,6,,2,23
13257.0,Name2261,,10,M,6,,1,18
13485.0,Name2489,,14,M,1,,1,16
11038.0,Name42,,9,M,6,,1,16
13356.0,Name2360,,27,M,1,,2,7
11325.0,Name329,,9,M,4,,1,6
11877.0,Name881,,9,M,4,,3,16
11849.0,Name853,,56,M,2,,1,4
14151.0,Name3155,,14,F,4,,3,15
11161.0,Name165,,7,M,3,,1,11
13865.0,Name2869,,11,M,6,,1,17
13480.0,Name2484,,56,F,3,,3,16
13741.0,Name2745,,9,F,3,,1,17
12908.0,Name1912,,13,F,2,,3,27
12909.0,Name1913,,11,F,3,,3,15
12906.0,Name1910,,11,M,4,,2,20
12789.0,Name1793,,13,F,3,,1,21
12165.0,Name1169,,24,F,4,,1,13
13755.0,Name2759,,55,M,4,,2,26
11987.0,Name991,,50,F,2,,1,27
11476.0,Name480,,10,F,6,,1,2
13793.0,Name2797,,12,M,1,,3,7
11750.0,Name754,,9,M,5,,2,21
12475.0,Name1479,,9,M,3,,2,27
12979.0,Name1983,,27,M,3,,2,11
12683.0,Name1687,,14,M,3,,3,11
11495.0,Name499,,10,M,1,,3,26
14122.0,Name3126,,9,M,5,,1,17
11233.0,Name237,,40,F,4,,2,15
12542.0,Name1546,,4,F,4,,1,27
11360.0,Name364,,13,F,4,,1,21
12680.0,Name1684,,56,M,3,,2,21
11713.0,Name717,,12,F,1,,1,19
12630.0,Name1634,,11,M,4,,2,3
13679.0,Name2683,,13,M,4,,1,15
12140.0,Name1144,,46,F,3,,2,4
12199.0,Name1203,,8,F,4,,3,7
13556.0,Name2560,,10,F,4,,3,10
13396.0,Name2400,,13,F,2,,3,6
13330.0,Name2334,,14,M,6,,3,11
13759.0,Name2763,,13,F,4,,3,14
14064.0,Name3068,,9,F,5,,1,15
12726.0,Name1730,,11,F,3,,3,15
12026.0,Name1030,,13,M,5,,2,10
13802.0,Name2806,,11,M,3,,3,10
12612.0,Name1616,,13,F,6,,3,22
11449.0,Name453,,10,F,3,,3,8
12287.0,Name1291,,8,M,4,,2,28
13924.0,Name2928,,14,M,6,,3,6
13109.0,Name2113,,7,M,4,,3,7
12129.0,Name1133,,10,F,1,,1,8
13721.0,Name2725,,27,M,3,,3,26
13364.0,Name2368,,7,F,6,,2,18
13668.0,Name2672,,12,F,3,,3,29
11217.0,Name221,,39,F,4,,1,6
11341.0,Name345,,13,M,1,,3,22
12854.0,Name1858,,10,F,6,,2,19
12420.0,Name1424,,12,F,3,,3,12
12546.0,Name1550,,10,F,2,,1,14
12474.0,Name1478,,12,M,6,,3,28
11175.0,Name179,,7,F,4,,1,14
12214.0,Name1218,,10,F,6,,3,10
12599.0,Name1603,,8,F,5,,3,28
12735.0,Name1739,,8,F,4,,1,15
13260.0,Name2264,,10,M,6,,1,27
12452.0,Name1456,,13,F,6,,3,8
13379.0,Name2383,,13,F,2,,1,9
12657.0,Name1661,,13,M,2,,1,24
12580.0,Name1584,,24,F,4,,2,26
11775.0,Name779,,9,F,4,,2,18
13063.0,Name2067,,37,F,6,,1,2
11979.0,Name983,,12,M,1,,1,28
12075.0,Name1079,,9,F,5,,1,7
12842.0,Name1846,,10,F,3,,1,2
11843.0,Name847,,6,M,5,,2,19
14096.0,Name3100,,9,F,4,,3,16
12175.0,Name1179,,11,F,1,,1,10
11063.0,Name67,,12,F,3,,2,23
12502.0,Name1506,,11,F,1,,1,21
11859.0,Name863,,27,M,6,,2,29
13425.0,Name2429,,56,F,6,,3,11
13066.0,Name2070,,14,M,5,,3,8
12186.0,Name1190,,27,M,2,,2,16
13855.0,Name2859,,11,M,5,,3,3
11666.0,Name670,,9,F,6,,3,7
13516.0,Name2520,,12,M,2,,3,15
12750.0,Name1754,,7,M,6,,1,19
11673.0,Name677,,11,M,3,,1,11
11857.0,Name861,,11,M,3,,2,22
11091.0,Name95,,4,M,6,,1,4
11862.0,Name866,,8,F,5,,2,29
14103.0,Name3107,,10,F,4,,3,14
11727.0,Name731,,9,F,7,,2,3
12996.0,Name2000,,14,M,1,,1,27
13564.0,Name2568,,30,M,4,,3,19
11861.0,Name865,,9,M,6,,3,2
14060.0,Name3064,,9,M,4,,2,24
13311.0,Name2315,,24,F,2,,1,15
12659.0,Name1663,,33,F,5,,3,13
11432.0,Name436,,12,M,5,,1,20
13981.0,Name2985,,13,M,2,,2,14
13953.0,Name2957,,8,F,2,,2,5
13525.0,Name2529,,11,F,6,,2,9
11867.0,Name871,,15,F,4,,2,4
12320.0,Name1324,,26,F,1,,1,28
11530.0,Name534,,28,F,3,,1,6
13549.0,Name2553,,9,M,3,,1,26
11512.0,Name516,,8,F,5,,3,4
12460.0,Name1464,,49,F,3,,2,8
12752.0,Name1756,,9,F,5,,1,29
13748.0,Name2752,,12,M,4,,2,8
12081.0,Name1085,,25,M,6,,3,17
13774.0,Name2778,,13,F,5,,3,3
12493.0,Name1497,,28,M,3,,3,8
11628.0,Name632,,12,M,4,,1,22
13122.0,Name2126,,11,M,2,,1,29
13478.0,Name2482,,12,F,4,,1,15
13617.0,Name2621,,9,M,3,,3,10
12815.0,Name1819,,12,M,6,,1,24
12491.0,Name1495,,12,M,5,,1,5
13494.0,Name2498,,10,F,2,,2,11
13266.0,Name2270,,9,F,5,,3,20
13432.0,Name2436,,12,F,3,,2,3
12589.0,Name1593,,13,M,0,,3,28
11888.0,Name892,,12,F,8,,3,5
13221.0,Name2225,,8,M,3,,3,17
13497.0,Name2501,,9,M,3,,2,19
13244.0,Name2248,,9,M,2,,3,3
12396.0,Name1400,,13,F,4,,3,29
11020.0,Name24,,7,F,3,,3,16
12440.0,Name1444,,13,M,2,,2,12
11548.0,Name552,,11,M,3,,3,24
11605.0,Name609,,12,M,3,,2,21
13757.0,Name2761,,12,M,3,,1,21
12964.0,Name1968,,49,M,2,,2,22
12994.0,Name1998,,10,M,3,,2,18
13541.0,Name2545,,11,F,5,,3,10
13979.0,Name2983,,9,M,4,,3,14
14038.0,Name3042,,12,M,2,,2,16
13609.0,Name2613,,13,F,3,,2,26
13252.0,Name2256,,8,F,2,,3,9
11818.0,Name822,,54,M,4,,2,11
12231.0,Name1235,,13,F,8,,2,3
13353.0,Name2357,,24,M,1,,3,27
13441.0,Name2445,,12,F,5,,1,11
12092.0,Name1096,,78,F,4,,3,6
14106.0,Name3110,,8,F,8,,1,14
12563.0,Name1567,,7,F,5,,2,10
11400.0,Name404,,15,M,6,,3,17
11186.0,Name190,,12,F,4,,1,29
13674.0,Name2678,,13,M,5,,3,4
13770.0,Name2774,,38,F,3,,3,13
11534.0,Name538,,12,F,4,,3,21
12549.0,Name1553,,45,M,2,,1,4
11364.0,Name368,,14,F,6,,1,8
12349.0,Name1353,,11,M,4,,2,29
12224.0,Name1228,,45,M,5,,1,19
12607.0,Name1611,,9,M,3,,1,3
11700.0,Name704,,8,M,1,,3,3
11286.0,Name290,,45,F,6,,3,20
11954.0,Name958,,8,M,4,,2,11
12616.0,Name1620,,6,M,5,,3,2
14172.0,Name3176,,27,M,1,,1,6
13877.0,Name2881,,4,M,5,,3,20
11917.0,Name921,,90,M,6,,3,8
11815.0,Name819,,55,F,6,,2,15
12925.0,Name1929,,12,M,6,,1,12
13047.0,Name2051,,13,M,4,,2,15
13200.0,Name2204,,8,F,6,,3,6
13119.0,Name2123,,10,M,2,,3,22
12960.0,Name1964,,10,F,4,,2,12
13194.0,Name2198,,12,F,6,,2,24
12135.0,Name1139,,13,F,2,,3,24
10998.0,Aida Kadinde,MiFiMa,40,F,8,2018.0,2,18
14182.0,Name3186,,11,M,3,,2,15
13401.0,Name2405,,13,F,2,,2,2
11357.0,Name361,,13,F,4,,2,23
11656.0,Name660,,13,M,6,,2,16
12372.0,Name1376,,8,F,5,,2,18
12145.0,Name1149,,8,M,6,,1,16
12986.0,Name1990,,34,F,4,,1,27
11330.0,Name334,,13,F,2,,1,24
11940.0,Name944,,12,F,4,,2,26
12281.0,Name1285,,14,F,6,,2,24
13222.0,Name2226,,31,F,4,,2,10
13186.0,Name2190,,13,M,3,,2,15
13201.0,Name2205,,13,F,2,,1,8
13131.0,Name2135,,23,F,1,,2,15
12361.0,Name1365,,13,M,6,,3,15
12902.0,Name1906,,9,F,6,,3,2
11078.0,Name82,,11,F,0,,3,23
13050.0,Name2054,,55,M,2,,2,23
11809.0,Name813,,55,M,3,,1,21
13241.0,Name2245,,13,M,3,,3,10
12419.0,Name1423,,13,F,2,,1,27
11906.0,Name910,,13,F,6,,1,18
13128.0,Name2132,,12,F,6,,2,5
12136.0,Name1140,,7,M,4,,3,19
12896.0,Name1900,,13,F,1,,1,16
14070.0,Name3074,,11,M,5,,1,10
12307.0,Name1311,,15,M,4,,2,15
12131.0,Name1135,,9,M,2,,3,13
11041.0,Name45,,11,M,4,,1,19
11650.0,Name654,,11,M,4,,1,17
13504.0,Name2508,,11,F,4,,1,8
14049.0,Name3053,,11,F,8,,3,14
12962.0,Name1966,,10,M,4,,1,27
14036.0,Name3040,,30,M,6,,3,7
13827.0,Name2831,,10,M,4,,3,15
11313.0,Name317,,10,F,2,,3,9
13391.0,Name2395,,14,M,4,,2,4
13720.0,Name2724,,46,F,4,,2,23
12639.0,Name1643,,13,M,5,,2,12
11823.0,Name827,,12,F,7,,1,8
13948.0,Name2952,,12,M,6,,2,3
13984.0,Name2988,,10,M,4,,2,18
12517.0,Name1521,,7,M,7,,1,27
11994.0,Name998,,12,F,3,,2,28
13735.0,Name2739,,8,M,3,,3,2
12411.0,Name1415,,13,F,3,,3,11
13558.0,Name2562,,9,M,1,,2,16
13264.0,Name2268,,12,F,1,,3,9
13873.0,Name2877,,75,F,6,,1,17
11300.0,Name304,,12,F,4,,3,15
12924.0,Name1928,,61,F,6,,1,8
13084.0,Name2088,,11,F,4,,3,23
11787.0,Name791,,13,F,2,,1,16
14116.0,Name3120,,13,F,4,,1,23
11178.0,Name182,,12,M,4,,1,7
11310.0,Name314,,61,M,3,,3,20
11415.0,Name419,,7,M,2,,2,18
11486.0,Name490,,9,F,3,,2,14
11377.0,Name381,,9,F,3,,2,6
11154.0,Name158,,13,F,5,,3,26
12822.0,Name1826,,12,F,4,,2,4
11630.0,Name634,,23,M,2,,3,22
12567.0,Name1571,,22,F,4,,1,8
12643.0,Name1647,,12,M,5,,3,3
12608.0,Name1612,,9,M,5,,2,4
13537.0,Name2541,,10,M,4,,3,2
11876.0,Name880,,11,M,2,,1,9
12565.0,Name1569,,14,M,2,,3,23
12812.0,Name1816,,14,M,4,,1,26
11649.0,Name653,,11,M,5,,3,15
12101.0,Name1105,,7,F,8,,1,18
13139.0,Name2143,,14,F,6,,3,2
14058.0,Name3062,,10,F,2,,3,7
11510.0,Name514,,12,M,6,,2,23
11581.0,Name585,,23,M,7,,3,17
11189.0,Name193,,11,F,8,,2,5
12277.0,Name1281,,27,M,3,,3,2
13535.0,Name2539,,38,M,5,,3,9
12810.0,Name1814,,13,M,3,,3,16
13726.0,Name2730,,41,F,3,,2,2
12345.0,Name1349,,9,M,4,,2,24
11707.0,Name711,,12,M,3,,1,22
14055.0,Name3059,,13,M,2,,1,19
12770.0,Name1774,,8,M,6,,3,10
11406.0,Name410,,12,M,1,,2,17
11983.0,Name987,,48,M,2,,2,21
12054.0,Name1058,,10,F,2,,2,16
13090.0,Name2094,,8,F,4,,1,6
13814.0,Name2818,,30,F,5,,3,5
12714.0,Name1718,,13,M,6,,3,18
13454.0,Name2458,,13,M,3,,1,28
11019.0,Name23,,19,F,6,,2,5
13969.0,Name2973,,12,F,5,,2,20
12821.0,Name1825,,15,M,4,,1,24
11603.0,Name607,,14,M,2,,2,6
11482.0,Name486,,11,F,6,,2,7
14067.0,Name3071,,11,M,2,,1,12
12647.0,Name1651,,13,M,5,,1,23
12336.0,Name1340,,13,M,3,,3,5
13856.0,Name2860,,6,M,0,,3,23
13331.0,Name2335,,8,F,3,,1,11
13990.0,Name2994,,7,M,3,,2,29
12852.0,Name1856,,9,F,3,,2,8
12118.0,Name1122,,11,M,5,,1,11
13498.0,Name2502,,10,F,4,,3,14
12733.0,Name1737,,12,M,6,,1,12
11746.0,Name750,,11,F,4,,1,15
12374.0,Name1378,,10,F,3,,3,23
10999.0,Ruchano Kalolo,MiFiMa,56,M,6,2018.0,1,21
12653.0,Name1657,,25,F,1,,2,7
11082.0,Name86,,11,F,4,,2,21
14179.0,Name3183,,45,M,5,,2,24
11007.0,Name11,,13,M,5,,3,5
13753.0,Name2757,,27,F,2,,1,7
11010.0,Name14,,9,M,3,,2,11
12315.0,Name1319,,12,F,6,,1,3
12399.0,Name1403,,27,M,2,,3,23
11243.0,Name247,,23,F,4,,2,3
12818.0,Name1822,,20,F,6,,1,17
12427.0,Name1431,,45,M,1,,1,7
11631.0,Name635,,10,M,5,,3,16
11271.0,Name275,,11,M,7,,3,15
11034.0,Name38,,45,F,3,,3,8
12521.0,Name1525,,7,F,2,,1,10
13406.0,Name2410,,13,F,4,,2,20
13324.0,Name2328,,49,F,4,,1,4
11166.0,Name170,,13,M,6,,2,17
14173.0,Name3177,,40,F,2,,1,7
13590.0,Name2594,,26,M,6,,3,11
14080.0,Name3084,,9,F,3,,1,12
13303.0,Name2307,,10,F,3,,3,22
12921.0,Name1925,,13,F,1,,2,2
12690.0,Name1694,,21,F,4,,1,20
13995.0,Name2999,,12,M,4,,2,3
12584.0,Name1588,,15,F,2,,3,5
13554.0,Name2558,,24,F,4,,2,2
13878.0,Name2882,,45,M,4,,2,9
13258.0,Name2262,,78,F,2,,1,20
12055.0,Name1059,,13,M,2,,3,7
11417.0,Name421,,13,M,4,,3,21
13611.0,Name2615,,13,F,7,,3,13
11276.0,Name280,,9,F,0,,1,8
11216.0,Name220,,11,M,4,,1,18
11076.0,Name80,,13,F,5,,3,6
12130.0,Name1134,,45,F,3,,2,16
12866.0,Name1870,,10,M,2,,2,9
12767.0,Name1771,,13,M,4,,3,24
13106.0,Name2110,,12,F,4,,3,7
13559.0,Name2563,,13,F,2,,2,11
14042.0,Name3046,,34,M,2,,2,29
13577.0,Name2581,,39,F,1,,1,26
11981.0,Name985,,12,F,0,,1,11
12333.0,Name1337,,14,F,4,,3,20
13693.0,Name2697,,56,M,3,,2,20
13439.0,Name2443,,61,F,6,,2,29
11908.0,Name912,,14,M,4,,1,17
12431.0,Name1435,,12,F,2,,2,26
11138.0,Name142,,11,F,6,,2,4
12823.0,Name1827,,40,M,4,,2,28
12556.0,Name1560,,12,F,3,,2,7
11089.0,Name93,,11,F,5,,2,21
13160.0,Name2164,,13,M,6,,3,6
11120.0,Name124,,11,F,2,,1,22
12153.0,Name1157,,9,M,4,,2,28
12654.0,Name1658,,10,M,4,,1,7
12227.0,Name1231,,12,F,2,,2,18
11317.0,Name321,,8,F,6,,3,23
14156.0,Name3160,,7,M,4,,3,5
11980.0,Name984,,25,M,4,,2,14
11440.0,Name444,,90,F,4,,1,17
11544.0,Name548,,10,M,6,,1,19
11792.0,Name796,,12,M,3,,2,11
14086.0,Name3090,,10,M,6,,1,18
13417.0,Name2421,,27,M,6,,1,14
14176.0,Name3180,,9,F,6,,2,8
11903.0,Name907,,9,F,6,,3,3
13934.0,Name2938,,8,M,8,,3,8
12127.0,Name1131,,13,M,2,,3,5
13350.0,Name2354,,14,F,5,,2,4
12057.0,Name1061,,10,F,3,,1,26
12929.0,Name1933,,12,F,1,,3,17
13861.0,Name2865,,61,F,6,,2,15
14188.0,Name3192,,27,M,0,,3,6
14130.0,Name3134,,56,M,6,,3,13
13250.0,Name2254,,9,M,1,,2,8
13907.0,Name2911,,11,M,6,,2,5
11860.0,Name864,,12,M,4,,3,5
11314.0,Name318,,13,M,2,,3,19
14215.0,Name3219,,19,F,6,,2,29
14017.0,Name3021,,12,M,4,,1,16
13423.0,Name2427,,8,M,4,,3,2
13002.0,Name2006,,35,M,3,,2,23
13373.0,Name2377,,12,F,3,,1,16
12819.0,Name1823,,11,M,4,,3,6
13580.0,Name2584,,6,F,2,,2,29
12011.0,Name1015,,24,M,2,,3,12
13655.0,Name2659,,23,M,6,,3,13
11032.0,Name36,,8,M,6,,2,4
14057.0,Name3061,,13,F,5,,2,10
12686.0,Name1690,,13,M,5,,1,22
12347.0,Name1351,,12,M,1,,2,9
11127.0,Name131,,8,M,5,,1,28
13848.0,Name2852,,12,M,6,,2,7
12790.0,Name1794,,12,F,4,,2,17
12756.0,Name1760,,9,F,5,,3,11
12070.0,Name1074,,12,M,1,,1,11
13649.0,Name2653,,9,F,0,,2,28
13118.0,Name2122,,37,M,3,,2,13
14072.0,Name3076,,24,F,6,,2,2
12187.0,Name1191,,11,F,6,,3,2
12778.0,Name1782,,12,M,3,,1,2
13180.0,Name2184,,12,M,6,,3,27
11872.0,Name876,,13,F,4,,3,28
11391.0,Name395,,8,F,6,,3,3
14037.0,Name3041,,8,F,6,,2,17
11914.0,Name918,,10,F,5,,1,5
12245.0,Name1249,,11,F,6,,3,26
11157.0,Name161,,14,M,4,,3,15
12486.0,Name1490,,15,M,3,,3,11
11381.0,Name385,,56,F,2,,3,10
12966.0,Name1970,,11,M,2,,3,10
13966.0,Name2970,,11,F,7,,1,9
11386.0,Name390,,9,M,4,,3,24
14217.0,Name3221,,11,F,1,,1,4
13517.0,Name2521,,14,F,1,,2,18
13145.0,Name2149,,9,M,1,,3,16
12158.0,Name1162,,13,M,6,,3,27
11051.0,Name55,,7,M,6,,2,8
12069.0,Name1073,,13,F,4,,1,29
12637.0,Name1641,,13,M,3,,1,18
11865.0,Name869,,16,M,7,,3,2
11149.0,Name153,,75,M,6,,1,10
13100.0,Name2104,,8,M,4,,2,5
13719.0,Name2723,,7,M,4,,3,12
13430.0,Name2434,,10,M,5,,1,9
12916.0,Name1920,,13,F,3,,2,10
12953.0,Name1957,,7,M,7,,1,24
13589.0,Name2593,,11,F,7,,1,15
12278.0,Name1282,,10,F,6,,1,23
11323.0,Name327,,11,F,2,,2,16
13731.0,Name2735,,13,M,5,,2,21
13293.0,Name2297,,10,M,6,,2,11
12143.0,Name1147,,11,F,5,,2,4
12056.0,Name1060,,12,M,4,,2,16
11052.0,Name56,,14,M,3,,1,9
14224.0,Name3228,,24,M,4,,3,11
13527.0,Name2531,,23,F,6,,1,18
12949.0,Name1953,,31,F,2,,3,6
11067.0,Name71,,8,F,3,,3,3
13321.0,Name2325,,46,F,4,,1,2
13952.0,Name2956,,8,M,5,,2,6
11150.0,Name154,,11,M,3,,1,19
13944.0,Name2948,,8,F,1,,3,5
13905.0,Name2909,,60,F,6,,2,14
12090.0,Name1094,,27,M,3,,1,17
11591.0,Name595,,10,F,6,,1,19
11160.0,Name164,,14,M,4,,2,8
13461.0,Name2465,,11,M,2,,3,27
13061.0,Name2065,,12,M,6,,2,23
13004.0,Name2008,,8,M,4,,3,18
11696.0,Name700,,11,M,1,,1,14
13644.0,Name2648,,11,M,4,,3,5
12086.0,Name1090,,11,M,6,,3,29
13455.0,Name2459,,12,M,5,,2,18
13141.0,Name2145,,14,F,6,,2,19
13171.0,Name2175,,12,M,6,,3,20
13009.0,Name2013,,11,F,4,,2,2
11105.0,Name109,,11,M,4,,2,13
12617.0,Name1621,,27,F,3,,3,4
13398.0,Name2402,,15,M,4,,3,4
13920.0,Name2924,,13,F,0,,2,22
12200.0,Name1204,,8,M,5,,1,10
11456.0,Name460,,12,F,3,,3,24
11789.0,Name793,,25,F,3,,2,3
11609.0,Name613,,11,M,2,,1,6
13249.0,Name2253,,8,M,3,,2,4
11393.0,Name397,,13,F,7,,2,23
12342.0,Name1346,,8,M,4,,3,28
12382.0,Name1386,,13,M,3,,2,4
11165.0,Name169,,12,F,6,,2,28
11986.0,Name990,,7,M,6,,3,8
13801.0,Name2805,,12,M,6,,1,26
12826.0,Name1830,,12,F,5,,2,18
14186.0,Name3190,,13,F,4,,2,8
11920.0,Name924,,8,M,4,,3,15
12661.0,Name1665,,13,F,4,,3,28
11446.0,Name450,,11,M,4,,1,12
13281.0,Name2285,,12,F,6,,2,6
11266.0,Name270,,12,M,4,,2,21
12378.0,Name1382,,7,F,2,,3,8
13688.0,Name2692,,75,F,7,,3,18
11072.0,Name76,,56,M,3,,3,5
12248.0,Name1252,,12,F,5,,1,4
13490.0,Name2494,,23,F,4,,2,6
14044.0,Name3048,,9,M,4,,1,5
13514.0,Name2518,,14,F,3,,2,18
12965.0,Name1969,,11,F,2,,3,14
12166.0,Name1170,,9,M,3,,2,3
13104.0,Name2108,,13,F,3,,1,18
12725.0,Name1729,,13,F,5,,1,14
13098.0,Name2102,,9,M,1,,1,26
13819.0,Name2823,,19,M,0,,3,3
11197.0,Name201,,8,M,1,,1,18
12793.0,Name1797,,19,M,4,,2,9
13784.0,Name2788,,34,M,6,,1,26
11307.0,Name311,,31,F,4,,2,26
12981.0,Name1985,,14,F,3,,3,5
12904.0,Name1908,,12,F,6,,1,16
12288.0,Name1292,,9,M,3,,2,17
11555.0,Name559,,28,M,3,,3,4
12477.0,Name1481,,13,M,5,,2,18
13431.0,Name2435,,7,M,1,,3,13
14052.0,Name3056,,8,M,3,,2,21
12176.0,Name1180,,13,F,3,,2,5
13647.0,Name2651,,13,F,6,,2,8
11244.0,Name248,,11,F,6,,1,26
11411.0,Name415,,11,F,1,,1,7
13193.0,Name2197,,37,M,4,,3,26
11807.0,Name811,,61,M,3,,1,14
13657.0,Name2661,,40,F,5,,3,24
11267.0,Name271,,11,F,4,,1,14
12310.0,Name1314,,7,F,6,,3,27
12484.0,Name1488,,9,F,7,,3,22
12479.0,Name1483,,12,M,4,,2,14
13857.0,Name2861,,54,M,4,,2,17
11516.0,Name520,,14,F,3,,1,14
12674.0,Name1678,,21,F,5,,3,19
12947.0,Name1951,,9,F,4,,3,8
11203.0,Name207,,13,F,6,,2,15
12364.0,Name1368,,8,M,3,,3,27
13051.0,Name2055,,24,M,2,,2,23
11828.0,Name832,,12,M,2,,2,26
11054.0,Name58,,12,M,3,,1,26
11036.0,Name40,,11,M,3,,1,14
14092.0,Name3096,,35,M,5,,3,18
13351.0,Name2355,,9,M,6,,1,11
11181.0,Name185,,12,F,3,,3,26
12223.0,Name1227,,10,F,6,,1,12
13259.0,Name2263,,56,F,4,,3,10
14078.0,Name3082,,14,F,1,,3,27
13381.0,Name2385,,9,M,2,,3,20
13656.0,Name2660,,11,M,4,,3,22
12273.0,Name1277,,24,M,3,,2,19
11351.0,Name355,,33,F,3,,2,19
12387.0,Name1391,,11,M,3,,2,7
14199.0,Name3203,,13,F,6,,3,4
11887.0,Name891,,27,F,5,,2,27
11583.0,Name587,,38,F,2,,1,14
13829.0,Name2833,,13,M,3,,3,26
13372.0,Name2376,,8,M,2,,3,28
12259.0,Name1263,,10,F,3,,1,14
12473.0,Name1477,,12,F,5,,1,8
12893.0,Name1897,,8,F,4,,3,21
12824.0,Name1828,,3,F,6,,3,21
11421.0,Name425,,11,F,8,,2,5
12210.0,Name1214,,9,M,4,,2,23
11156.0,Name160,,11,M,5,,3,26
11670.0,Name674,,11,F,4,,1,24
11802.0,Name806,,27,F,4,,1,16
12537.0,Name1541,,13,M,6,,2,4
12736.0,Name1740,,16,F,1,,3,7
11808.0,Name812,,30,M,4,,2,19
12936.0,Name1940,,23,M,4,,1,9
11638.0,Name642,,7,M,4,,3,18
11023.0,Name27,,12,M,1,,2,21
14125.0,Name3129,,7,F,2,,1,28
12620.0,Name1624,,14,M,5,,2,21
12710.0,Name1714,,12,M,5,,1,23
12184.0,Name1188,,13,M,4,,1,9
11094.0,Name98,,55,M,4,,1,9
13522.0,Name2526,,6,F,4,,2,2
11332.0,Name336,,14,F,4,,2,9
11128.0,Name132,,12,M,2,,2,9
12850.0,Name1854,,50,F,8,,3,29
13627.0,Name2631,,13,M,2,,2,4
12507.0,Name1511,,12,F,3,,2,4
13236.0,Name2240,,46,F,7,,2,2
11442.0,Name446,,11,F,3,,1,13
13612.0,Name2616,,40,F,6,,2,10
13225.0,Name2229,,26,M,5,,1,14
14124.0,Name3128,,10,F,6,,1,24
11335.0,Name339,,13,F,5,,2,5
13725.0,Name2729,,11,M,3,,2,15
11293.0,Name297,,7,F,4,,1,23
13925.0,Name2929,,12,F,4,,3,29
11918.0,Name922,,12,F,6,,2,14
11219.0,Name223,,27,M,6,,2,16
11864.0,Name868,,14,M,2,,2,17
14153.0,Name3157,,9,F,6,,1,6
12395.0,Name1399,,12,M,2,,2,8
11487.0,Name491,,61,M,4,,2,3
11485.0,Name489,,60,M,6,,1,3
13781.0,Name2785,,12,F,1,,1,12
13884.0,Name2888,,8,M,6,,3,11
11151.0,Name155,,37,M,4,,3,19
11931.0,Name935,,50,F,5,,1,8
11480.0,Name484,,13,M,1,,1,21
12797.0,Name1801,,15,F,5,,1,18
12582.0,Name1586,,10,F,3,,2,16
13157.0,Name2161,,8,F,4,,3,8
14221.0,Name3225,,13,F,0,,1,6
11813.0,Name817,,12,M,7,,2,14
11275.0,Name279,,11,F,6,,2,27
13207.0,Name2211,,7,F,6,,1,18
12040.0,Name1044,,13,F,1,,2,18
11996.0,Name1000,,12,F,2,,3,5
11504.0,Name508,,12,F,1,,1,27
13366.0,Name2370,,39,M,6,,1,2
12450.0,Name1454,,9,F,3,,1,6
12761.0,Name1765,,12,F,4,,3,23
11501.0,Name505,,28,M,5,,3,4
12198.0,Name1202,,23,M,6,,3,20
13452.0,Name2456,,12,M,4,,3,7
13203.0,Name2207,,12,M,6,,3,20
12268.0,Name1272,,13,M,4,,2,18
11655.0,Name659,,8,F,6,,1,17
11257.0,Name261,,90,F,4,,2,22
13438.0,Name2442,,27,F,4,,3,12
13813.0,Name2817,,12,M,2,,2,29
13217.0,Name2221,,9,M,4,,2,29
12098.0,Name1102,,13,F,3,,1,23
11026.0,Name30,,13,M,5,,2,17
11682.0,Name686,,7,F,3,,3,13
11198.0,Name202,,14,M,5,,1,11
11786.0,Name790,,12,F,4,,3,29
12574.0,Name1578,,10,F,4,,2,4
12755.0,Name1759,,15,F,2,,1,14
14168.0,Name3172,,12,F,5,,3,23
12951.0,Name1955,,12,M,3,,1,24
13658.0,Name2662,,12,M,0,,2,26
12447.0,Name1451,,24,F,4,,3,6
12241.0,Name1245,,30,F,6,,1,18
13384.0,Name2388,,14,F,2,,2,14
11365.0,Name369,,13,M,2,,1,9
11169.0,Name173,,75,F,3,,3,29
11248.0,Name252,,12,F,5,,2,14
11531.0,Name535,,24,F,4,,3,8
11850.0,Name854,,61,F,4,,1,27
13038.0,Name2042,,30,M,1,,3,24
13138.0,Name2142,,9,M,6,,1,11
11272.0,Name276,,12,F,5,,2,3
12083.0,Name1087,,9,M,3,,1,4
11232.0,Name236,,11,M,1,,1,5
11805.0,Name809,,11,F,5,,2,13
11374.0,Name378,,11,F,7,,2,26
11653.0,Name657,,33,F,3,,3,11
14016.0,Name3020,,13,F,3,,2,15
12284.0,Name1288,,12,M,1,,1,19
13888.0,Name2892,,13,F,6,,3,2
14002.0,Name3006,,9,M,6,,3,15
12301.0,Name1305,,30,M,5,,1,15
13114.0,Name2118,,13,M,7,,1,5
12449.0,Name1453,,61,M,7,,1,19
13105.0,Name2109,,21,M,4,,1,20
11708.0,Name712,,10,M,7,,2,11
14117.0,Name3121,,39,F,4,,3,12
13206.0,Name2210,,13,F,5,,1,19
11924.0,Name928,,7,M,3,,3,18
11227.0,Name231,,37,F,0,,2,12
11209.0,Name213,,11,M,6,,1,29
13645.0,Name2649,,56,F,5,,2,26
11214.0,Name218,,14,F,7,,1,14
12191.0,Name1195,,48,F,3,,1,17
11847.0,Name851,,90,F,2,,3,19
13628.0,Name2632,,10,F,1,,2,29
13862.0,Name2866,,8,F,5,,3,28
12443.0,Name1447,,12,M,4,,2,19
11380.0,Name384,,28,M,7,,1,9
12510.0,Name1514,,23,F,3,,3,11
13062.0,Name2066,,13,M,1,,1,15
12538.0,Name1542,,12,M,6,,2,26
12408.0,Name1412,,10,M,1,,1,7
12627.0,Name1631,,8,M,4,,3,21
12316.0,Name1320,,7,M,3,,1,12
11749.0,Name753,,10,F,6,,2,5
11433.0,Name437,,10,F,1,,1,15
13294.0,Name2298,,11,F,4,,2,9
13889.0,Name2893,,12,M,6,,2,18
14162.0,Name3166,,14,M,2,,2,13
13123.0,Name2127,,11,M,4,,2,12
11689.0,Name693,,10,F,1,,1,14
12305.0,Name1309,,13,M,3,,2,23
13117.0,Name2121,,9,F,2,,2,2
12865.0,Name1869,,11,F,3,,2,14
14202.0,Name3206,,12,F,3,,2,23
12702.0,Name1706,,11,M,4,,3,15
12555.0,Name1559,,27,M,8,,2,12
14101.0,Name3105,,12,M,6,,3,18
11846.0,Name850,,61,M,2,,1,29
13722.0,Name2726,,37,M,4,,1,16
11319.0,Name323,,10,M,2,,2,22
13640.0,Name2644,,26,M,2,,3,12
14203.0,Name3207,,21,F,2,,1,13
12967.0,Name1971,,10,M,4,,3,18
11668.0,Name672,,8,M,6,,2,9
11185.0,Name189,,10,F,6,,3,14
12295.0,Name1299,,7,F,4,,1,14
14177.0,Name3181,,11,F,5,,3,29
11764.0,Name768,,10,M,3,,2,5
13687.0,Name2691,,8,F,1,,3,19
11821.0,Name825,,11,F,5,,2,26
12472.0,Name1476,,8,F,6,,1,13
13972.0,Name2976,,8,M,1,,2,9
12096.0,Name1100,,14,F,4,,2,23
11222.0,Name226,,27,F,5,,1,11
13245.0,Name2249,,12,F,4,,2,6
11395.0,Name399,,13,F,5,,2,21
11439.0,Name443,,24,F,6,,3,4
13902.0,Name2906,,10,F,3,,3,18
13846.0,Name2850,,24,F,5,,1,16
11220.0,Name224,,8,F,4,,3,27
13923.0,Name2927,,4,F,0,,3,16
12591.0,Name1595,,28,F,4,,1,11
11646.0,Name650,,15,F,5,,2,14
12204.0,Name1208,,8,M,1,,3,8
11625.0,Name629,,8,M,2,,2,14
13932.0,Name2936,,20,M,3,,1,16
13528.0,Name2532,,14,M,3,,3,21
12795.0,Name1799,,13,M,3,,3,27
12593.0,Name1597,,12,M,1,,1,3
11752.0,Name756,,25,M,4,,3,20
12457.0,Name1461,,9,M,4,,3,2
13613.0,Name2617,,13,F,4,,2,23
11284.0,Name288,,8,F,6,,2,21
11031.0,Name35,,6,M,4,,3,17
14098.0,Name3102,,13,M,4,,1,17
12587.0,Name1591,,11,F,3,,2,12
12062.0,Name1066,,9,M,1,,3,18
11738.0,Name742,,12,M,6,,1,22
13272.0,Name2276,,9,M,4,,3,5
11173.0,Name177,,12,M,1,,1,29
12907.0,Name1911,,12,M,4,,1,29
11736.0,Name740,,55,F,5,,1,19
14022.0,Name3026,,23,M,6,,3,20
12256.0,Name1260,,10,M,2,,1,2
11100.0,Name104,,7,F,7,,3,6
11458.0,Name462,,12,M,6,,2,24
12689.0,Name1693,,13,M,5,,1,4
12149.0,Name1153,,49,F,3,,1,3
12103.0,Name1107,,9,F,2,,1,15
12426.0,Name1430,,12,M,6,,1,7
12445.0,Name1449,,13,F,3,,2,4
11506.0,Name510,,12,M,6,,2,6
13994.0,Name2998,,16,F,6,,3,8
13169.0,Name2173,,14,M,5,,3,5
13309.0,Name2313,,13,M,4,,2,4
13336.0,Name2340,,11,F,5,,3,13
11783.0,Name787,,14,M,5,,2,8
13938.0,Name2942,,9,M,2,,1,16
12709.0,Name1713,,14,F,2,,1,27
12015.0,Name1019,,55,M,4,,3,5
11470.0,Name474,,7,F,6,,3,12
13052.0,Name2056,,8,F,5,,3,7
11869.0,Name873,,13,F,6,,2,24
12371.0,Name1375,,9,F,3,,1,7
12235.0,Name1239,,12,F,6,,3,7
11552.0,Name556,,9,F,4,,3,28
13585.0,Name2589,,9,F,4,,1,17
13348.0,Name2352,,12,M,1,,2,14
12713.0,Name1717,,8,F,6,,2,6
11594.0,Name598,,8,F,2,,1,19
13936.0,Name2940,,13,M,5,,3,15
11155.0,Name159,,7,M,3,,3,15
11419.0,Name423,,25,M,4,,3,17
11647.0,Name651,,24,M,4,,2,29
12109.0,Name1113,,12,F,2,,1,29
11574.0,Name578,,14,M,4,,1,11
12758.0,Name1762,,3,M,4,,2,8
12862.0,Name1866,,12,F,6,,3,29
12212.0,Name1216,,14,M,3,,1,26
13676.0,Name2680,,15,M,6,,2,18
11177.0,Name181,,45,F,3,,2,27
12602.0,Name1606,,13,F,3,,2,12
12164.0,Name1168,,11,M,1,,3,27
12535.0,Name1539,,27,F,6,,2,26
11294.0,Name298,,11,M,3,,2,6
12304.0,Name1308,,16,M,1,,2,2
12794.0,Name1798,,12,F,4,,3,23
13457.0,Name2461,,35,F,4,,1,2
12716.0,Name1720,,13,M,2,,2,27
13467.0,Name2471,,11,F,6,,2,5
12294.0,Name1298,,10,M,4,,2,24
13567.0,Name2571,,14,M,2,,1,4
13327.0,Name2331,,8,F,6,,2,13
11095.0,Name99,,15,F,1,,2,7
14109.0,Name3113,,9,F,4,,1,4
12551.0,Name1555,,10,F,6,,2,9
12534.0,Name1538,,15,F,1,,1,4
12233.0,Name1237,,46,F,3,,1,19
13639.0,Name2643,,11,F,4,,1,19
13025.0,Name2029,,9,F,1,,1,10
11113.0,Name117,,10,F,1,,2,13
11230.0,Name234,,24,M,1,,3,6
13140.0,Name2144,,14,F,3,,2,23
11475.0,Name479,,26,F,7,,1,21
11491.0,Name495,,14,F,4,,2,3
11737.0,Name741,,9,M,1,,1,23
13479.0,Name2483,,12,M,6,,2,12
12087.0,Name1091,,12,F,6,,3,23
11911.0,Name915,,9,M,6,,3,21
11549.0,Name553,,12,F,5,,2,10
11770.0,Name774,,25,M,4,,1,18
12695.0,Name1699,,15,F,5,,1,29
13014.0,Name2018,,12,F,6,,1,4
12124.0,Name1128,,9,M,4,,2,12
11171.0,Name175,,22,M,3,,3,9
12759.0,Name1763,,21,M,2,,3,9
13630.0,Name2634,,10,M,0,,2,12
13065.0,Name2069,,24,M,1,,1,24
14140.0,Name3144,,24,F,5,,3,2
13999.0,Name3003,,15,F,4,,2,20
13903.0,Name2907,,8,M,5,,1,5
13017.0,Name2021,,7,F,1,,1,24
11509.0,Name513,,11,M,2,,1,2
13192.0,Name2196,,12,F,4,,1,19
12573.0,Name1577,,32,M,4,,3,29
13808.0,Name2812,,9,M,3,,1,18
14225.0,Name3229,,11,M,3,,3,15
13906.0,Name2910,,13,M,3,,2,19
12074.0,Name1078,,11,M,5,,2,14
11224.0,Name228,,12,F,1,,2,5
11403.0,Name407,,11,M,1,,3,6
11251.0,Name255,,13,M,3,,1,2
13946.0,Name2950,,13,F,4,,3,20
11045.0,Name49,,9,F,1,,1,24
12299.0,Name1303,,46,F,6,,2,27
14214.0,Name3218,,7,M,1,,3,24
14205.0,Name3209,,13,M,3,,1,20
12706.0,Name1710,,30,F,2,,2,15
13555.0,Name2559,,8,M,2,,3,21
13622.0,Name2626,,12,M,6,,2,2
12357.0,Name1361,,8,F,6,,3,14
12971.0,Name1975,,12,F,4,,1,11
13854.0,Name2858,,23,F,2,,2,5
13867.0,Name2871,,13,M,3,,1,19
14178.0,Name3182,,11,M,4,,2,21
11960.0,Name964,,8,M,2,,3,15
12084.0,Name1088,,15,F,2,,1,13
11252.0,Name256,,10,F,6,,2,17
13520.0,Name2524,,7,F,4,,3,4
11704.0,Name708,,10,M,1,,3,18
12961.0,Name1965,,10,F,6,,3,11
13263.0,Name2267,,10,M,0,,3,11
12023.0,Name1027,,9,F,5,,3,3
11694.0,Name698,,25,M,3,,2,8
12232.0,Name1236,,12,M,6,,3,14
11892.0,Name896,,13,M,6,,3,10
11757.0,Name761,,9,M,3,,2,26
11840.0,Name844,,12,F,6,,3,6
11662.0,Name666,,13,F,2,,1,9
11003.0,Name7,,27,F,4,,1,6
14121.0,Name3125,,15,F,3,,3,9
11517.0,Name521,,13,M,1,,3,27
12346.0,Name1350,,8,F,6,,1,17
14027.0,Name3031,,13,M,6,,1,5
12106.0,Name1110,,12,M,6,,1,13
11046.0,Name50,,13,M,6,,1,29
13354.0,Name2358,,8,F,5,,2,12
12834.0,Name1838,,12,F,6,,1,21
11878.0,Name882,,12,F,4,,2,8
11588.0,Name592,,35,M,4,,2,4
13747.0,Name2751,,12,M,7,,1,23
14083.0,Name3087,,27,F,4,,2,8
11423.0,Name427,,13,M,7,,1,12
11916.0,Name920,,11,F,6,,2,23
12257.0,Name1261,,8,M,4,,3,4
13473.0,Name2477,,8,F,2,,1,21
13921.0,Name2925,,31,F,2,,2,21
11797.0,Name801,,10,M,2,,3,12
12073.0,Name1077,,10,M,4,,1,6
11550.0,Name554,,10,F,6,,3,15
12734.0,Name1738,,10,M,5,,2,26
12415.0,Name1419,,13,F,4,,2,29
13772.0,Name2776,,48,F,6,,2,7
11116.0,Name120,,27,F,5,,2,3
11801.0,Name805,,75,F,4,,2,2
11464.0,Name468,,10,F,3,,3,20
11370.0,Name374,,56,F,2,,1,5
11462.0,Name466,,3,M,4,,2,4
11568.0,Name572,,48,M,2,,2,7
12385.0,Name1389,,10,M,1,,2,15
12744.0,Name1748,,27,M,2,,2,2
13021.0,Name2025,,28,M,4,,3,20
13094.0,Name2098,,56,F,2,,2,7
11597.0,Name601,,14,F,6,,3,5
11671.0,Name675,,13,M,0,,3,20
12942.0,Name1946,,13,M,3,,2,17
11875.0,Name879,,10,F,6,,1,17
12829.0,Name1833,,13,M,4,,2,19
14041.0,Name3045,,9,F,3,,1,15
13519.0,Name2523,,12,M,8,,3,3
13675.0,Name2679,,13,F,4,,2,23
11049.0,Name53,,14,M,3,,3,28
13147.0,Name2151,,11,M,4,,3,13
13928.0,Name2932,,12,M,2,,2,19
12922.0,Name1926,,11,M,3,,2,8
12119.0,Name1123,,75,F,1,,2,6
11093.0,Name97,,45,F,5,,2,7
11883.0,Name887,,60,F,0,,3,11
11478.0,Name482,,24,F,6,,1,10
11024.0,Name28,,9,M,3,,3,23
13971.0,Name2975,,12,F,6,,1,24
12722.0,Name1726,,12,F,1,,2,12
12628.0,Name1632,,31,F,6,,2,6
13592.0,Name2596,,8,M,2,,2,20
11760.0,Name764,,56,F,6,,1,3
12913.0,Name1917,,15,M,6,,2,18
11183.0,Name187,,9,F,6,,3,24
11134.0,Name138,,12,F,1,,1,21
13018.0,Name2022,,10,M,0,,1,22
13057.0,Name2061,,11,M,4,,3,26
12844.0,Name1848,,7,M,6,,3,28
11731.0,Name735,,14,F,6,,2,12
11239.0,Name243,,12,F,0,,1,2
12851.0,Name1855,,13,F,4,,1,2
12543.0,Name1547,,41,F,2,,3,17
11811.0,Name815,,10,F,3,,3,19
13941.0,Name2945,,28,F,3,,3,17
12391.0,Name1395,,13,F,3,,3,16
11553.0,Name557,,24,F,7,,2,22
12409.0,Name1413,,10,M,6,,2,16
12276.0,Name1280,,13,M,4,,3,18
12291.0,Name1295,,49,M,4,,2,21
13226.0,Name2230,,9,F,4,,2,23
13453.0,Name2457,,6,F,3,,1,24
13552.0,Name2556,,12,F,6,,2,7
11413.0,Name417,,7,F,1,,3,23
14006.0,Name3010,,11,F,0,,2,12
13329.0,Name2333,,11,M,2,,2,8
12877.0,Name1881,,23,M,6,,2,11
12377.0,Name1381,,10,M,5,,2,7
13893.0,Name2897,,11,F,4,,1,24
11410.0,Name414,,11,F,3,,3,14
13706.0,Name2710,,10,M,4,,3,29
11863.0,Name867,,12,M,2,,2,23
13744.0,Name2748,,12,M,2,,2,9
11090.0,Name94,,10,M,2,,3,20
11858.0,Name862,,11,M,2,,2,6
14045.0,Name3049,,11,F,2,,2,6
12650.0,Name1654,,11,M,4,,3,29
12874.0,Name1878,,10,F,4,,1,15
12869.0,Name1873,,4,M,5,,2,27
12035.0,Name1039,,13,M,0,,2,15
11327.0,Name331,,9,F,6,,3,10
11999.0,Name1003,,7,M,5,,1,18
12352.0,Name1356,,13,M,7,,3,5
13045.0,Name2049,,12,M,4,,3,20
12754.0,Name1758,,14,F,5,,2,15
11693.0,Name697,,8,M,0,,3,8
12163.0,Name1167,,8,M,2,,2,8
12504.0,Name1508,,11,F,8,,1,10
13115.0,Name2119,,8,M,2,,1,19
13891.0,Name2895,,12,M,6,,1,24
12860.0,Name1864,,13,M,3,,3,27
13532.0,Name2536,,55,F,0,,3,13
11527.0,Name531,,35,M,3,,3,13
13562.0,Name2566,,30,M,3,,2,17
11604.0,Name608,,10,M,3,,2,5
11601.0,Name605,,9,F,6,,1,15
12216.0,Name1220,,11,M,5,,3,20
13926.0,Name2930,,12,F,4,,1,20
13683.0,Name2687,,10,F,1,,1,19
12626.0,Name1630,,12,M,6,,2,16
13587.0,Name2591,,13,M,5,,2,16
12524.0,Name1528,,12,F,6,,3,3
11652.0,Name656,,10,M,3,,3,7
11071.0,Name75,,13,M,8,,2,29
12609.0,Name1613,,9,F,6,,3,17
11607.0,Name611,,9,F,5,,1,23
11836.0,Name840,,14,M,4,,2,15
12229.0,Name1233,,14,F,6,,1,8
12134.0,Name1138,,55,M,5,,1,8
11755.0,Name759,,11,M,4,,3,17
13474.0,Name2478,,13,F,5,,3,23
13804.0,Name2808,,9,F,7,,3,27
11636.0,Name640,,9,F,0,,2,19
12807.0,Name1811,,8,M,4,,3,20
11536.0,Name540,,13,M,6,,1,15
11814.0,Name818,,14,F,4,,1,18
11701.0,Name705,,12,M,4,,3,4
12082.0,Name1086,,7,M,4,,2,4
11218.0,Name222,,3,M,3,,3,2
11174.0,Name178,,11,F,6,,1,21
14200.0,Name3204,,10,F,3,,2,27
12841.0,Name1845,,13,F,3,,2,15
11103.0,Name107,,10,M,4,,2,8
13424.0,Name2428,,28,M,3,,1,14
11891.0,Name895,,12,F,6,,2,12
11110.0,Name114,,10,F,6,,3,14
12339.0,Name1343,,11,M,5,,2,19
13919.0,Name2923,,12,F,2,,2,9
14050.0,Name3054,,10,M,2,,1,3
13768.0,Name2772,,13,F,8,,1,21
13795.0,Name2799,,12,F,6,,2,21
11780.0,Name784,,14,F,6,,1,27
13678.0,Name2682,,15,M,6,,1,2
14131.0,Name3135,,23,F,4,,1,18
11831.0,Name835,,13,M,6,,2,23
13954.0,Name2958,,21,F,5,,3,7
12845.0,Name1849,,7,F,3,,1,23
11881.0,Name885,,8,F,6,,2,12
12142.0,Name1146,,29,F,6,,3,14
13165.0,Name2169,,10,F,4,,1,9
13428.0,Name2432,,12,F,2,,2,5
12269.0,Name1273,,8,M,5,,2,14
13420.0,Name2424,,9,M,2,,1,21
11546.0,Name550,,27,F,1,,3,20
11336.0,Name340,,7,M,4,,3,8
14087.0,Name3091,,60,M,1,,1,18
13190.0,Name2194,,12,M,3,,2,20
13708.0,Name2712,,38,M,6,,1,6
13317.0,Name2321,,8,F,4,,3,3
12801.0,Name1805,,13,F,1,,2,13
13419.0,Name2423,,10,F,1,,2,29
11745.0,Name749,,14,M,4,,1,17
13265.0,Name2269,,12,M,4,,1,10
13088.0,Name2092,,7,M,2,,3,16
13786.0,Name2790,,11,F,2,,1,6
11578.0,Name582,,27,M,3,,1,11
12554.0,Name1558,,61,F,2,,3,23
11363.0,Name367,,13,M,4,,2,14
13910.0,Name2914,,12,M,4,,2,21
11890.0,Name894,,12,F,6,,1,15
12557.0,Name1561,,11,M,2,,1,28
13824.0,Name2828,,13,M,4,,1,21
12077.0,Name1081,,9,F,3,,1,29
13361.0,Name2365,,8,F,4,,3,27
13751.0,Name2755,,7,F,8,,3,18
13780.0,Name2784,,55,M,2,,2,15
13342.0,Name2346,,7,F,6,,1,20
11781.0,Name785,,7,F,3,,3,24
11011.0,Name15,,8,M,1,,3,26
14170.0,Name3174,,10,M,5,,1,8
13987.0,Name2991,,10,F,3,,2,21
11894.0,Name898,,41,F,6,,2,18
12239.0,Name1243,,60,F,4,,2,9
12375.0,Name1379,,61,F,7,,3,21
12704.0,Name1708,,14,M,4,,3,3
13572.0,Name2576,,12,F,5,,1,26
13872.0,Name2876,,10,M,3,,3,23
14193.0,Name3197,,9,F,5,,3,29
11085.0,Name89,,13,F,5,,3,10
11029.0,Name33,,48,F,1,,2,11
11195.0,Name199,,11,M,6,,3,13
11643.0,Name647,,11,F,4,,3,9
14110.0,Name3114,,25,M,3,,2,26
14197.0,Name3201,,45,F,4,,2,18
12656.0,Name1660,,7,F,4,,2,20
11744.0,Name748,,30,M,5,,1,13
12392.0,Name1396,,11,F,4,,1,24
13137.0,Name2141,,40,M,7,,2,22
12547.0,Name1551,,9,F,3,,2,17
12368.0,Name1372,,22,F,4,,2,18
12189.0,Name1193,,10,F,1,,1,10
12048.0,Name1052,,10,M,6,,1,7
12356.0,Name1360,,11,M,0,,1,6
14047.0,Name3051,,12,M,3,,3,13
13414.0,Name2418,,9,F,8,,1,24
14000.0,Name3004,,7,M,3,,2,11
12122.0,Name1126,,10,M,3,,1,5
11788.0,Name792,,40,M,3,,2,21
13581.0,Name2585,,13,F,4,,2,3
14088.0,Name3092,,11,F,1,,3,23
12274.0,Name1278,,8,F,2,,2,27
11585.0,Name589,,13,F,5,,1,18
12977.0,Name1981,,12,F,6,,1,12
11168.0,Name172,,22,M,3,,1,21
13387.0,Name2391,,40,M,4,,2,27
13788.0,Name2792,,10,M,1,,2,12
12388.0,Name1392,,12,M,3,,3,4
12745.0,Name1749,,14,F,6,,1,19
12500.0,Name1504,,24,F,6,,2,15
12483.0,Name1487,,78,F,3,,1,28
12088.0,Name1092,,61,M,5,,2,26
12394.0,Name1398,,38,F,6,,1,14
13111.0,Name2115,,23,M,2,,2,3
11543.0,Name547,,8,F,4,,1,15
11970.0,Name974,,12,M,7,,1,9
11763.0,Name767,,13,F,3,,3,12
11948.0,Name952,,7,F,4,,2,4
12763.0,Name1767,,12,M,6,,3,6
11075.0,Name79,,9,M,4,,1,18
13835.0,Name2839,,9,M,3,,2,6
14207.0,Name3211,,12,M,2,,1,18
12776.0,Name1780,,13,M,5,,2,3
14142.0,Name3146,,12,M,6,,1,3
12434.0,Name1438,,27,F,3,,1,14
12828.0,Name1832,,10,F,6,,2,16
11606.0,Name610,,11,F,6,,1,2
11448.0,Name452,,30,M,6,,1,6
11725.0,Name729,,13,M,4,,3,18
12401.0,Name1405,,8,M,4,,2,19
11382.0,Name386,,24,M,4,,2,11
11356.0,Name360,,9,M,4,,1,17
14009.0,Name3013,,13,M,1,,2,16
12209.0,Name1213,,49,M,2,,2,15
12948.0,Name1952,,28,F,3,,3,6
11518.0,Name522,,10,F,5,,3,23
11099.0,Name103,,10,M,0,,2,29
13026.0,Name2030,,10,M,4,,3,2
12975.0,Name1979,,27,F,1,,2,9
13450.0,Name2454,,32,M,3,,2,11
12531.0,Name1535,,9,M,6,,2,21
13076.0,Name2080,,54,F,3,,2,29
11982.0,Name986,,9,M,4,,1,2
13586.0,Name2590,,53,F,4,,2,8
11408.0,Name412,,9,M,6,,1,9
12705.0,Name1709,,26,M,2,,1,18
12108.0,Name1112,,8,M,4,,3,11
13296.0,Name2300,,12,F,1,,3,27
12105.0,Name1109,,29,F,2,,3,23
11904.0,Name908,,13,F,6,,3,3
13440.0,Name2444,,11,F,4,,1,16
12753.0,Name1757,,48,M,0,,2,29
12645.0,Name1649,,10,F,4,,2,14
13483.0,Name2487,,10,M,2,,1,11
13659.0,Name2663,,12,M,1,,2,17
13041.0,Name2045,,7,F,4,,3,22
13702.0,Name2706,,27,F,2,,2,4
12772.0,Name1776,,14,F,6,,3,18
12629.0,Name1633,,9,M,6,,2,5
12407.0,Name1411,,13,M,5,,1,27
11050.0,Name54,,11,F,1,,1,20
13699.0,Name2703,,13,M,1,,1,16
11132.0,Name136,,9,M,1,,1,21
11030.0,Name34,,11,F,3,,1,8
12383.0,Name1387,,11,F,4,,1,14
14093.0,Name3097,,11,F,5,,3,4
13557.0,Name2561,,8,F,1,,1,12
13129.0,Name2133,,9,F,1,,3,26
14005.0,Name3009,,12,M,6,,2,13
12800.0,Name1804,,78,F,3,,1,11
12234.0,Name1238,,13,F,6,,2,19
13369.0,Name2373,,6,F,4,,1,27
11953.0,Name957,,24,M,5,,2,3
11058.0,Name62,,12,M,6,,1,17
11886.0,Name890,,9,F,6,,3,7
11793.0,Name797,,11,M,6,,3,19
11596.0,Name600,,27,F,2,,1,10
11412.0,Name416,,11,M,1,,1,4
12666.0,Name1670,,49,M,5,,2,8
11687.0,Name691,,9,F,2,,1,17
11184.0,Name188,,11,F,4,,3,26
14115.0,Name3119,,12,M,3,,1,12
13126.0,Name2130,,45,F,5,,2,20
13199.0,Name2203,,9,M,4,,1,27
13908.0,Name2912,,9,F,3,,1,13
12853.0,Name1857,,8,F,4,,1,20
12279.0,Name1283,,40,F,0,,1,29
13208.0,Name2212,,8,M,3,,1,19
11237.0,Name241,,15,M,3,,1,18
12067.0,Name1071,,26,M,4,,2,26
12932.0,Name1936,,23,F,4,,3,14
13653.0,Name2657,,13,F,6,,1,6
13624.0,Name2628,,10,F,4,,2,21
11758.0,Name762,,7,F,2,,1,20
11928.0,Name932,,61,M,2,,3,5
12552.0,Name1556,,9,M,1,,3,13
11042.0,Name46,,29,F,3,,2,16
11320.0,Name324,,13,M,3,,3,5
11635.0,Name639,,7,F,3,,2,14
11140.0,Name144,,13,F,4,,1,21
13638.0,Name2642,,12,M,4,,3,8
12379.0,Name1383,,14,M,4,,1,18
13939.0,Name2943,,9,F,1,,2,20
13304.0,Name2308,,55,M,4,,3,8
12886.0,Name1890,,11,F,2,,3,18
13195.0,Name2199,,12,F,4,,1,17
11561.0,Name565,,12,M,3,,1,20
12430.0,Name1434,,13,M,5,,2,8
13864.0,Name2868,,12,M,4,,1,11
13769.0,Name2773,,27,M,1,,2,28
14159.0,Name3163,,33,F,4,,1,3
13887.0,Name2891,,14,M,1,,3,5
11991.0,Name995,,13,F,6,,3,24
12311.0,Name1315,,33,M,3,,2,22
13205.0,Name2209,,9,M,3,,1,17
11610.0,Name614,,9,M,1,,3,28
13605.0,Name2609,,11,F,4,,1,28
12652.0,Name1656,,56,M,1,,2,6
11676.0,Name680,,8,M,4,,1,23
13697.0,Name2701,,12,F,5,,2,16
13892.0,Name2896,,11,M,6,,2,15
11033.0,Name37,,14,F,6,,2,2
13149.0,Name2153,,14,F,4,,3,13
11816.0,Name820,,11,M,4,,3,29
12791.0,Name1795,,9,M,6,,1,18
13662.0,Name2666,,13,M,4,,3,4
12458.0,Name1462,,10,F,4,,2,2
13210.0,Name2214,,45,F,6,,3,27
13539.0,Name2543,,53,F,1,,3,4
12592.0,Name1596,,12,M,5,,2,9
13690.0,Name2694,,7,F,5,,3,11
13637.0,Name2641,,12,M,4,,3,6
13254.0,Name2258,,11,M,1,,3,5
11282.0,Name286,,9,F,4,,2,6
12132.0,Name1136,,53,M,3,,2,15
11645.0,Name649,,7,F,4,,3,3
12499.0,Name1503,,9,M,4,,2,8
12677.0,Name1681,,12,M,3,,3,8
13821.0,Name2825,,29,M,1,,1,6
12545.0,Name1549,,10,M,7,,3,17
13763.0,Name2767,,13,F,3,,1,17
12323.0,Name1327,,13,M,5,,2,14
11665.0,Name669,,13,F,3,,3,24
12402.0,Name1406,,14,F,5,,1,19
13346.0,Name2350,,9,F,6,,1,9
12711.0,Name1715,,30,M,2,,1,14
13632.0,Name2636,,7,F,3,,1,27
13475.0,Name2479,,14,F,6,,3,27
12664.0,Name1668,,9,F,3,,1,5
11968.0,Name972,,8,F,4,,3,13
11129.0,Name133,,11,M,6,,1,16
13078.0,Name2082,,13,F,2,,3,21
13471.0,Name2475,,12,M,7,,3,14
11871.0,Name875,,9,F,6,,3,19
13940.0,Name2944,,9,F,2,,1,5
13929.0,Name2933,,12,F,3,,2,20
12078.0,Name1082,,27,M,4,,3,10
14014.0,Name3018,,90,M,3,,1,3
13619.0,Name2623,,13,F,3,,1,24
12261.0,Name1265,,12,F,1,,2,23
13743.0,Name2747,,33,F,2,,3,16
12197.0,Name1201,,35,M,6,,3,15
11302.0,Name306,,11,F,4,,2,24
10997.0,Salim Usalimi,MiFiMa,56,M,6,2018.0,2,26
11126.0,Name130,,11,F,4,,3,16
13230.0,Name2234,,7,F,4,,3,18
13842.0,Name2846,,24,F,3,,2,27
12884.0,Name1888,,10,M,3,,1,15
13142.0,Name2146,,8,F,6,,3,10
12624.0,Name1628,,13,M,5,,3,21
11106.0,Name110,,24,M,6,,1,3
13198.0,Name2202,,13,M,3,,2,6
11854.0,Name858,,13,F,8,,1,22
11732.0,Name736,,22,M,5,,3,5
14154.0,Name3158,,14,F,3,,2,11
13874.0,Name2878,,31,F,3,,3,13
13164.0,Name2168,,11,M,2,,2,6
14118.0,Name3122,,8,F,4,,1,14
11347.0,Name351,,7,F,6,,2,28
11522.0,Name526,,8,F,4,,2,11
12982.0,Name1986,,12,F,0,,3,2
11774.0,Name778,,13,M,4,,3,19
11547.0,Name551,,14,F,5,,2,15
11299.0,Name303,,15,F,2,,1,21
11715.0,Name719,,8,M,5,,3,19
13152.0,Name2156,,11,M,6,,2,27
13484.0,Name2488,,7,M,5,,2,12
13534.0,Name2538,,37,F,1,,2,7
13159.0,Name2163,,8,M,4,,2,9
11035.0,Name39,,22,M,5,,2,15
13758.0,Name2762,,13,M,5,,3,5
14180.0,Name3184,,10,M,6,,2,9
13261.0,Name2265,,11,F,3,,1,3
12685.0,Name1689,,8,M,3,,2,12
11778.0,Name782,,12,M,5,,3,9
13543.0,Name2547,,33,M,4,,2,11
12940.0,Name1944,,6,M,4,,1,15
13413.0,Name2417,,53,M,4,,1,12
13219.0,Name2223,,12,M,6,,3,4
11967.0,Name971,,3,F,6,,2,24
12765.0,Name1769,,9,M,4,,3,19
14146.0,Name3150,,23,M,2,,3,11
11498.0,Name502,,10,F,3,,3,12
13370.0,Name2374,,78,M,5,,3,10
13458.0,Name2462,,75,M,6,,3,22
13211.0,Name2215,,13,M,6,,3,19
12240.0,Name1244,,12,F,5,,2,20
11566.0,Name570,,9,F,5,,3,14
12448.0,Name1452,,12,F,4,,3,23
12640.0,Name1644,,12,F,6,,3,27
13943.0,Name2947,,8,F,4,,2,23
12156.0,Name1160,,11,F,6,,1,26
12887.0,Name1891,,25,M,4,,2,29
13964.0,Name2968,,12,M,4,,3,16
12740.0,Name1744,,11,F,3,,3,12
11573.0,Name577,,12,M,4,,3,22
13010.0,Name2014,,12,F,2,,1,29
12703.0,Name1707,,9,M,0,,1,23
11995.0,Name999,,23,M,4,,2,15
13565.0,Name2569,,9,F,2,,1,16
11907.0,Name911,,12,M,6,,3,24
11065.0,Name69,,12,F,4,,2,8
13840.0,Name2844,,21,M,6,,2,29
13339.0,Name2343,,15,M,6,,3,11
12512.0,Name1516,,50,M,4,,3,2
11369.0,Name373,,10,F,4,,2,8
13526.0,Name2530,,12,F,3,,1,27
14075.0,Name3079,,13,F,5,,2,28
13133.0,Name2137,,11,M,3,,3,7
14119.0,Name3123,,13,M,3,,3,18
13728.0,Name2732,,12,F,4,,1,9
14104.0,Name3108,,15,F,6,,3,4
12723.0,Name1727,,11,F,6,,2,9
11180.0,Name184,,13,M,5,,2,15
12496.0,Name1500,,12,M,6,,1,9
12366.0,Name1370,,19,F,4,,1,19
13073.0,Name2077,,11,F,6,,3,11
11223.0,Name227,,7,F,1,,3,14
12312.0,Name1316,,55,F,4,,3,26
11768.0,Name772,,15,F,6,,3,12
12618.0,Name1622,,23,M,6,,3,26
13434.0,Name2438,,11,M,4,,3,12
13278.0,Name2282,,8,M,6,,1,3
13385.0,Name2389,,12,F,5,,3,28
12030.0,Name1034,,9,F,4,,3,10
12920.0,Name1924,,45,M,2,,2,23
11056.0,Name60,,11,F,7,,3,9
14053.0,Name3057,,35,M,1,,2,9
13451.0,Name2455,,8,M,5,,3,28
11304.0,Name308,,12,F,6,,1,23
13031.0,Name2035,,25,F,6,,2,21
12071.0,Name1075,,13,F,2,,1,12
12267.0,Name1271,,24,F,6,,2,20
13895.0,Name2899,,11,F,2,,3,8
13754.0,Name2758,,13,M,2,,2,18
11170.0,Name174,,10,F,4,,2,19
11741.0,Name745,,13,F,4,,1,13
12266.0,Name1270,,33,M,5,,1,29
12318.0,Name1322,,8,M,2,,3,18
11879.0,Name883,,9,F,5,,1,10
12594.0,Name1598,,10,M,4,,3,10
12202.0,Name1206,,12,M,5,,3,19
12515.0,Name1519,,28,F,5,,3,26
14144.0,Name3148,,10,M,6,,2,29
13682.0,Name2686,,9,M,2,,2,24
12775.0,Name1779,,11,M,6,,1,23
12290.0,Name1294,,11,F,5,,2,24
12471.0,Name1475,,9,M,3,,2,28
12298.0,Name1302,,9,M,3,,1,17
13407.0,Name2411,,13,F,5,,3,6
12285.0,Name1289,,11,M,3,,2,12
14019.0,Name3023,,7,F,2,,2,17
13493.0,Name2497,,7,F,3,,1,3
13641.0,Name2645,,12,F,3,,3,5
13843.0,Name2847,,12,M,3,,2,5
13262.0,Name2266,,10,F,3,,1,20
11021.0,Name25,,11,F,5,,1,23
13982.0,Name2986,,11,F,3,,1,10
14141.0,Name3145,,39,F,6,,2,14
12329.0,Name1333,,12,M,4,,1,19
13087.0,Name2091,,11,F,3,,1,27
11088.0,Name92,,23,M,3,,3,18
13394.0,Name2398,,13,F,5,,2,26
12692.0,Name1696,,34,F,5,,3,4
11114.0,Name118,,3,M,5,,2,20
12707.0,Name1711,,61,M,1,,1,22
11435.0,Name439,,14,M,6,,1,17
12586.0,Name1590,,12,F,5,,3,26
13510.0,Name2514,,13,F,6,,2,3
11567.0,Name571,,13,M,1,,2,13
11523.0,Name527,,10,F,4,,2,21
14137.0,Name3141,,11,F,2,,3,20
13081.0,Name2085,,10,F,4,,3,26
14145.0,Name3149,,9,F,6,,1,3
12309.0,Name1313,,27,F,7,,1,2
12242.0,Name1246,,13,F,6,,3,2
13518.0,Name2522,,12,F,3,,2,24
11349.0,Name353,,10,M,1,,2,26
14102.0,Name3106,,10,F,3,,3,18
11133.0,Name137,,14,F,3,,2,18
13024.0,Name2028,,14,M,6,,3,5
11956.0,Name960,,54,M,3,,1,9
11256.0,Name260,,10,F,6,,1,8
11137.0,Name141,,9,M,6,,3,15
13507.0,Name2511,,8,M,4,,1,10
14003.0,Name3007,,6,F,1,,2,29
11240.0,Name244,,90,F,2,,1,18
13833.0,Name2837,,27,M,1,,2,22
11685.0,Name689,,49,M,2,,2,24
11285.0,Name289,,8,M,5,,1,29
12405.0,Name1409,,12,F,6,,3,2
12137.0,Name1141,,24,M,3,,2,8
11098.0,Name102,,61,F,3,,2,4
13027.0,Name2031,,9,M,5,,3,3
11281.0,Name285,,12,M,6,,3,16
12564.0,Name1568,,9,F,6,,2,8
12536.0,Name1540,,8,M,2,,2,2
12870.0,Name1874,,10,F,5,,1,22
11263.0,Name267,,78,M,6,,3,4
11943.0,Name947,,14,F,2,,3,17
11874.0,Name878,,12,F,1,,2,23
11444.0,Name448,,8,F,3,,2,2
12049.0,Name1053,,12,M,3,,1,21
11893.0,Name897,,9,F,7,,1,21
12192.0,Name1196,,9,M,3,,3,24
12621.0,Name1625,,6,M,3,,2,27
12362.0,Name1366,,14,M,4,,3,5
13305.0,Name2309,,11,F,1,,1,2
12331.0,Name1335,,8,M,5,,2,27
11565.0,Name569,,7,M,4,,3,16
12712.0,Name1716,,10,M,1,,2,24
12416.0,Name1420,,11,M,6,,1,27
12313.0,Name1317,,15,M,4,,3,6
12485.0,Name1489,,12,F,4,,2,12
12698.0,Name1702,,10,F,2,,3,27
12498.0,Name1502,,11,F,5,,2,14
12258.0,Name1262,,8,F,2,,1,6
13959.0,Name2963,,13,F,6,,3,9
11658.0,Name662,,8,M,4,,3,4
13812.0,Name2816,,12,M,2,,2,2
13879.0,Name2883,,10,F,6,,2,22
13008.0,Name2012,,12,M,5,,1,10
12019.0,Name1023,,12,M,1,,1,3
13886.0,Name2890,,11,F,7,,3,3
13890.0,Name2894,,9,F,6,,1,21
11101.0,Name105,,9,M,2,,2,27
11383.0,Name387,,9,M,3,,1,27
12373.0,Name1377,,9,M,3,,3,19
11777.0,Name781,,9,F,6,,3,24
11660.0,Name664,,9,M,3,,1,13
11457.0,Name461,,41,M,3,,2,17
13594.0,Name2598,,14,M,5,,2,22
11709.0,Name713,,13,M,6,,1,9
11937.0,Name941,,46,F,1,,2,7
13231.0,Name2235,,10,M,6,,1,2
12883.0,Name1887,,10,F,3,,3,26
11445.0,Name449,,12,M,5,,1,18
13778.0,Name2782,,35,F,4,,1,14
13584.0,Name2588,,13,M,6,,2,18
11957.0,Name961,,10,F,4,,2,13
11632.0,Name636,,90,M,6,,3,3
11845.0,Name849,,13,F,6,,3,2
13825.0,Name2829,,14,M,6,,2,24
12482.0,Name1486,,11,F,6,,2,3
12708.0,Name1712,,22,F,6,,1,5
11702.0,Name706,,13,F,5,,2,27
13836.0,Name2840,,8,M,2,,2,19
12178.0,Name1182,,12,M,2,,1,17
13951.0,Name2955,,37,M,1,,1,19
13481.0,Name2485,,13,M,7,,3,21
13082.0,Name2086,,8,M,4,,1,16
14023.0,Name3027,,12,M,1,,2,17
12271.0,Name1275,,12,M,5,,1,15
11902.0,Name906,,11,M,2,,1,4
11571.0,Name575,,13,M,6,,2,20
13785.0,Name2789,,14,F,6,,2,27
13170.0,Name2174,,37,F,6,,3,13
13332.0,Name2336,,9,F,3,,1,28
14165.0,Name3169,,53,M,5,,2,26
11108.0,Name112,,9,F,0,,1,26
13542.0,Name2546,,6,M,3,,2,2
13767.0,Name2771,,12,M,6,,1,13
11936.0,Name940,,8,F,4,,2,14
13064.0,Name2068,,13,M,4,,1,5
11493.0,Name497,,13,F,4,,2,29
11107.0,Name111,,11,F,4,,2,24
14198.0,Name3202,,35,M,6,,3,12
11866.0,Name870,,48,M,2,,3,2
12099.0,Name1103,,10,M,6,,3,9
13421.0,Name2425,,8,M,5,,1,18
12571.0,Name1575,,9,M,4,,2,5
11576.0,Name580,,55,F,3,,2,9
12072.0,Name1076,,9,F,4,,1,2
12513.0,Name1517,,12,M,6,,3,19
14190.0,Name3194,,12,F,1,,3,22
13034.0,Name2038,,7,F,1,,1,5
13289.0,Name2293,,13,M,6,,1,9
13036.0,Name2040,,25,F,3,,3,12
14056.0,Name3060,,12,F,4,,2,28
13378.0,Name2382,,49,F,6,,1,14
12115.0,Name1119,,13,F,6,,2,16
14076.0,Name3080,,14,F,4,,2,6
12523.0,Name1527,,13,M,3,,3,5
11450.0,Name454,,11,F,2,,3,17
13922.0,Name2926,,9,M,4,,1,15
13083.0,Name2087,,12,F,7,,3,13
11958.0,Name962,,7,M,6,,2,2
12249.0,Name1253,,10,F,7,,1,23
14147.0,Name3151,,23,F,6,,3,4
11962.0,Name966,,27,F,5,,2,18
12550.0,Name1554,,78,M,3,,1,2
12769.0,Name1773,,21,M,3,,2,7
13182.0,Name2186,,13,F,2,,1,29
13482.0,Name2486,,4,M,5,,2,9
12727.0,Name1731,,30,M,4,,1,21
12919.0,Name1923,,12,M,2,,3,12
11331.0,Name335,,13,M,3,,2,5
13945.0,Name2949,,61,F,6,,3,17
11397.0,Name401,,25,F,5,,1,7
11117.0,Name121,,8,M,5,,1,14
11739.0,Name743,,23,F,5,,1,24
11532.0,Name536,,7,M,5,,1,14
13791.0,Name2795,,12,M,4,,1,13
13900.0,Name2904,,13,F,3,,2,9
12446.0,Name1450,,8,M,4,,3,12
13901.0,Name2905,,13,F,1,,1,2
14132.0,Name3136,,7,M,1,,2,19
13375.0,Name2379,,9,F,3,,1,17
13538.0,Name2542,,9,F,2,,2,16
12878.0,Name1882,,12,M,1,,1,18
13347.0,Name2351,,46,F,3,,3,10
13077.0,Name2081,,13,F,3,,1,26
11265.0,Name269,,13,F,5,,1,13
12889.0,Name1893,,55,M,4,,3,10
13970.0,Name2974,,8,F,6,,1,11
13831.0,Name2835,,15,M,0,,1,26
12988.0,Name1992,,35,M,6,,2,11
11047.0,Name51,,31,M,0,,3,10
12879.0,Name1883,,13,F,4,,1,7
13405.0,Name2409,,12,M,4,,1,29
12381.0,Name1385,,56,F,2,,2,4
12658.0,Name1662,,23,F,1,,3,15
13163.0,Name2167,,13,F,5,,1,29
11001.0,Zawadi Chang'a,MiFiMa,29,F,3,2018.0,3,11
12720.0,Name1724,,10,M,4,,1,10
12219.0,Name1223,,14,F,4,,1,27
12671.0,Name1675,,9,M,3,,1,13
11434.0,Name438,,12,F,6,,1,27
12254.0,Name1258,,25,F,4,,1,15
13643.0,Name2647,,13,F,1,,1,7
13957.0,Name2961,,61,M,1,,3,21
13148.0,Name2152,,39,F,1,,1,5
12898.0,Name1902,,14,F,5,,3,2
13838.0,Name2842,,9,F,4,,3,15
12814.0,Name1818,,12,M,4,,2,5
12052.0,Name1056,,24,F,2,,2,13
12001.0,Name1005,,13,F,3,,2,6
12719.0,Name1723,,10,M,3,,1,26
11784.0,Name788,,13,F,3,,3,18
11298.0,Name302,,12,M,5,,2,6
14028.0,Name3032,,8,F,3,,1,27
12138.0,Name1142,,56,M,4,,2,7
13817.0,Name2821,,9,F,2,,3,7
11733.0,Name737,,10,M,3,,1,4
11611.0,Name615,,49,M,4,,2,24
12181.0,Name1185,,9,F,2,,1,16
13286.0,Name2290,,12,F,4,,3,17
13409.0,Name2413,,7,M,6,,2,14
11570.0,Name574,,9,F,3,,2,14
11145.0,Name149,,39,M,4,,3,29
13465.0,Name2469,,12,M,3,,1,7
11930.0,Name934,,61,M,8,,2,21
13508.0,Name2512,,9,F,8,,3,27
11765.0,Name769,,9,F,4,,1,19
13996.0,Name3000,,75,M,4,,3,8
12943.0,Name1947,,32,F,0,,1,27
13158.0,Name2162,,13,M,5,,2,2
12215.0,Name1219,,7,M,2,,3,20
13777.0,Name2781,,12,M,0,,1,20
13717.0,Name2721,,14,F,4,,1,10
13875.0,Name2879,,56,M,5,,1,21
11938.0,Name942,,9,F,3,,3,24
11747.0,Name751,,7,F,4,,1,29
12355.0,Name1359,,10,M,5,,2,12
11832.0,Name836,,28,F,2,,3,24
13403.0,Name2407,,11,M,1,,2,24
13680.0,Name2684,,10,F,1,,2,14
11290.0,Name294,,9,M,2,,3,13
13844.0,Name2848,,12,M,6,,1,10
13102.0,Name2106,,4,F,4,,2,8
12688.0,Name1692,,9,F,6,,2,19
11202.0,Name206,,11,F,1,,1,13
12296.0,Name1300,,11,F,1,,2,24
12501.0,Name1505,,13,M,5,,3,24
13911.0,Name2915,,9,F,4,,2,20
11533.0,Name537,,12,F,4,,2,26
11560.0,Name564,,7,F,5,,2,2
11182.0,Name186,,8,F,4,,2,14
12579.0,Name1583,,46,F,6,,1,11
13456.0,Name2460,,14,M,1,,1,26
11884.0,Name888,,11,F,2,,3,21
11068.0,Name72,,35,F,3,,2,29
13446.0,Name2450,,8,M,5,,3,8
13566.0,Name2570,,13,M,4,,2,14
13761.0,Name2765,,21,M,6,,2,27
12926.0,Name1930,,11,M,3,,1,14
12250.0,Name1254,,10,M,3,,2,17
12172.0,Name1176,,9,F,6,,1,20
14184.0,Name3188,,26,F,3,,2,21
12682.0,Name1686,,23,F,3,,1,19
14216.0,Name3220,,13,F,4,,2,12
13718.0,Name2722,,9,F,4,,1,15
13464.0,Name2468,,10,F,3,,2,13
11897.0,Name901,,9,M,3,,2,27
13055.0,Name2059,,11,M,4,,2,11
14001.0,Name3005,,75,F,4,,3,27
13251.0,Name2255,,12,M,3,,1,7
11654.0,Name658,,23,F,6,,1,29
11389.0,Name393,,12,M,2,,1,27
11318.0,Name322,,7,F,1,,3,3
13521.0,Name2525,,8,M,2,,2,11
12700.0,Name1704,,9,M,2,,1,27
11691.0,Name695,,8,M,1,,2,10
11043.0,Name47,,25,F,4,,2,20
12635.0,Name1639,,9,M,6,,1,2
12160.0,Name1164,,12,F,4,,3,18
12275.0,Name1279,,12,F,4,,2,27
12506.0,Name1510,,45,F,4,,3,20
14206.0,Name3210,,10,F,4,,1,14
14194.0,Name3198,,9,F,3,,1,11
13333.0,Name2337,,10,F,6,,2,24
11822.0,Name826,,10,M,5,,1,23
13486.0,Name2490,,13,F,2,,3,5
13227.0,Name2231,,39,F,5,,2,23
12013.0,Name1017,,15,F,4,,1,28
11651.0,Name655,,12,M,3,,2,24
11022.0,Name26,,12,M,6,,2,8
13766.0,Name2770,,8,F,4,,3,3
12811.0,Name1815,,13,M,1,,3,12
11465.0,Name469,,8,M,2,,1,28
12595.0,Name1599,,56,M,3,,3,29
13579.0,Name2583,,10,F,4,,2,4
12497.0,Name1501,,11,F,1,,1,6
13588.0,Name2592,,13,F,3,,1,6
12881.0,Name1885,,7,M,0,,3,6
13095.0,Name2099,,11,F,4,,2,20
12327.0,Name1331,,8,M,0,,2,18
12237.0,Name1241,,53,M,2,,2,3
12747.0,Name1751,,12,F,2,,1,3
12297.0,Name1301,,9,F,4,,1,24
12076.0,Name1080,,11,M,5,,3,11
11229.0,Name233,,37,M,2,,3,10
13629.0,Name2633,,9,M,7,,3,3
13608.0,Name2612,,11,F,4,,1,16
12697.0,Name1701,,10,M,2,,1,12
12437.0,Name1441,,11,M,4,,3,6
12265.0,Name1269,,13,F,6,,2,2
12788.0,Name1792,,9,M,3,,3,16
12113.0,Name1117,,8,M,3,,3,17
13280.0,Name2284,,13,M,3,,2,27
11541.0,Name545,,9,M,2,,3,12
14097.0,Name3101,,7,M,3,,2,16
12766.0,Name1770,,15,F,4,,2,11
12805.0,Name1809,,9,F,6,,1,21
11254.0,Name258,,9,M,4,,3,11
12792.0,Name1796,,12,F,6,,3,18
14133.0,Name3137,,13,M,4,,3,23
11192.0,Name196,,14,M,2,,3,26
11945.0,Name949,,61,F,5,,1,16
11659.0,Name663,,8,F,3,,1,17
12031.0,Name1035,,10,F,4,,1,18
12665.0,Name1669,,12,F,4,,1,19
11079.0,Name83,,12,F,6,,3,20
11274.0,Name278,,13,F,3,,3,24
14077.0,Name3081,,12,F,4,,1,4
13669.0,Name2673,,8,M,4,,2,14
12806.0,Name1810,,24,F,4,,3,26
14157.0,Name3161,,13,M,4,,1,10
11392.0,Name396,,12,M,2,,2,26
12195.0,Name1199,,22,F,5,,2,8
11974.0,Name978,,25,F,5,,2,18
13383.0,Name2387,,38,M,1,,2,13
11279.0,Name283,,10,M,3,,3,14
13340.0,Name2344,,4,M,1,,2,7
14100.0,Name3104,,9,F,4,,3,5
11941.0,Name945,,8,F,2,,3,3
11514.0,Name518,,9,F,3,,2,4
13408.0,Name2412,,8,F,4,,2,19
14128.0,Name3132,,12,M,5,,3,22
11637.0,Name641,,13,F,5,,3,14
12272.0,Name1276,,8,F,3,,2,2
12691.0,Name1695,,5,F,4,,2,15
11766.0,Name770,,5,M,6,,3,21
14011.0,Name3015,,8,F,2,,2,24
11396.0,Name400,,11,F,6,,3,13
12632.0,Name1636,,12,M,2,,2,9
13035.0,Name2039,,12,F,6,,1,7
13615.0,Name2619,,10,M,3,,2,15
12992.0,Name1996,,10,M,2,,2,21
11002.0,Name6,,9,M,2,,1,11
12009.0,Name1013,,8,M,6,,3,20
13015.0,Name2019,,13,M,3,,1,6
14208.0,Name3212,,22,F,4,,2,24
12161.0,Name1165,,11,M,8,,1,21
13162.0,Name2166,,11,F,3,,1,18
13310.0,Name2314,,31,F,6,,3,9
13489.0,Name2493,,41,M,4,,3,5
14010.0,Name3014,,12,M,2,,3,20
13371.0,Name2375,,13,M,6,,3,14
13815.0,Name2819,,12,M,4,,3,2
11524.0,Name528,,55,M,4,,3,13
12944.0,Name1948,,9,F,3,,3,10
12317.0,Name1321,,12,M,3,,3,6
11589.0,Name593,,9,M,7,,2,28
12833.0,Name1837,,9,M,2,,1,28
11800.0,Name804,,26,F,2,,1,7
13235.0,Name2239,,11,M,6,,2,16
12196.0,Name1200,,12,F,4,,2,19
14187.0,Name3191,,27,F,5,,1,12
11562.0,Name566,,10,F,4,,2,7
13267.0,Name2271,,13,F,3,,2,5
13335.0,Name2339,,10,M,4,,2,10
12044.0,Name1048,,11,F,2,,1,3
13234.0,Name2238,,61,M,5,,1,21
12326.0,Name1330,,39,F,4,,3,11
12717.0,Name1721,,25,F,2,,1,15
11131.0,Name135,,32,F,6,,1,6
12995.0,Name1999,,12,F,6,,2,23
13800.0,Name2804,,13,F,6,,3,5
12642.0,Name1646,,35,F,4,,3,8
13935.0,Name2939,,38,F,1,,2,13
13715.0,Name2719,,11,M,1,,3,21
12348.0,Name1352,,13,M,3,,3,18
12107.0,Name1111,,21,F,6,,1,24
13710.0,Name2714,,14,M,2,,2,8
13349.0,Name2353,,25,M,4,,3,8
13029.0,Name2033,,13,F,2,,3,8
12641.0,Name1645,,31,F,2,,1,8
11394.0,Name398,,35,F,6,,3,8
13323.0,Name2327,,7,M,5,,3,8
12872.0,Name1876,,35,F,5,,3,8
11467.0,Name471,,11,M,2,,1,8
12438.0,Name1442,,61,F,3,,2,25
12236.0,Name1240,,10,M,2,,1,25
11372.0,Name376,,7,M,6,,2,25
11812.0,Name816,,13,M,2,,3,25
11473.0,Name477,,14,M,7,,3,25
11451.0,Name455,,10,F,2,,1,25
12927.0,Name1931,,38,F,3,,2,25
13749.0,Name2753,,9,M,2,,1,25
12516.0,Name1520,,13,M,2,,2,25
13600.0,Name2604,,9,M,2,,1,25
11283.0,Name287,,13,F,8,,2,25
12596.0,Name1600,,8,M,0,,3,25
12831.0,Name1835,,11,M,4,,2,25
12025.0,Name1029,,8,F,4,,3,25
11796.0,Name800,,8,F,6,,21,25
11497.0,Name501,,10,M,6,,3,25
13091.0,Name2095,,10,F,2,,3,25
12520.0,Name1524,,12,F,4,,3,25
14171.0,Name3175,,8,M,6,,3,25
11678.0,Name682,,14,M,4,,3,25
11401.0,Name405,,12,M,3,,1,25
11895.0,Name899,,22,M,6,,1,25
13463.0,Name2467,,8,M,6,,2,25
13496.0,Name2500,,11,F,4,,3,25
13975.0,Name2979,,12,F,2,,3,25
11193.0,Name197,,14,F,2,,1,25
13058.0,Name2062,,27,M,3,,2,25
11352.0,Name356,,10,F,2,,2,25
13404.0,Name2408,,13,M,4,,2,25
13297.0,Name2301,,12,M,2,,2,25
13040.0,Name2044,,61,F,3,,3,25
12614.0,Name1618,,12,M,6,,2,25
11751.0,Name755,,10,M,1,,1,25
13691.0,Name2695,,9,F,4,,3,25
11273.0,Name277,,46,M,4,,2,25
11362.0,Name366,,12,F,2,,1,25
13042.0,Name2046,,10,M,6,,3,25
13506.0,Name2510,,40,M,3,,15,25
12459.0,Name1463,,13,F,3,,3,25
12522.0,Name1526,,12,F,3,,2,25
13125.0,Name2129,,12,M,4,,1,25
11141.0,Name145,,75,F,2,,2,25
14085.0,Name3089,,25,M,2,,1,25
12350.0,Name1354,,12,F,4,,8,25
12028.0,Name1032,,56,F,4,,1,25
11339.0,Name343,,33,M,5,,2,25
12838.0,Name1842,,7,F,2,,2,25
11791.0,Name795,,12,F,1,,3,25
11080.0,Name84,,9,M,6,,2,25
12505.0,Name1509,,7,M,4,,1,25
11639.0,Name643,,14,M,6,,1,25
12732.0,Name1736,,40,F,6,,1,25
13325.0,Name2329,,10,F,4,,3,25
13909.0,Name2913,,5,F,5,,3,25
11338.0,Name342,,12,M,4,,3,25
12548.0,Name1552,,13,M,6,,3,25
13803.0,Name2807,,8,F,6,,3,25
13006.0,Name2010,,8,M,5,,3,25
12193.0,Name1197,,10,M,5,,2,25
11253.0,Name257,,12,M,4,,3,25
12100.0,Name1104,,56,F,4,,2,25
12128.0,Name1132,,8,M,4,,1,25
13168.0,Name2172,,13,F,6,,3,25
11556.0,Name560,,11,M,4,,2,25
11109.0,Name113,,10,F,6,,1,25
12171.0,Name1175,,24,M,8,,2,25
12003.0,Name1007,,7,F,4,,1,25
11595.0,Name599,,13,F,1,,2,25
13604.0,Name2608,,9,F,2,,3,25
13146.0,Name2150,,12,M,2,,2,25
12020.0,Name1024,,10,M,6,,3,25
13515.0,Name2519,,30,M,5,,1,25
13443.0,Name2447,,13,M,3,,1,25
12244.0,Name1248,,32,F,3,,1,25
12764.0,Name1768,,14,M,6,,1,25
12032.0,Name1036,,10,M,6,,1,25
13974.0,Name2978,,14,M,5,,3,25
11640.0,Name644,,15,M,6,,1,25
11135.0,Name139,,38,F,6,,2,25
12344.0,Name1348,,10,M,3,,2,25
13313.0,Name2317,,13,M,4,,3,25
14211.0,Name3215,,16,F,5,,2,25
13308.0,Name2312,,10,F,5,,1,25
12848.0,Name1852,,15,M,5,,1,25
11880.0,Name884,,11,M,4,,3,25
12905.0,Name1909,,12,M,1,,2,25
12746.0,Name1750,,12,F,4,,1,25
12021.0,Name1025,,12,M,4,,3,25
13322.0,Name2326,,50,M,1,,2,25
14061.0,Name3065,,11,F,1,,1,25
12771.0,Name1775,,14,M,3,,3,25
13601.0,Name2605,,12,F,3,,2,25
12180.0,Name1184,,10,M,1,,1,25
13334.0,Name2338,,12,F,6,,1,25
11315.0,Name319,,14,M,5,,1,25
11015.0,Name19,,10,M,6,,3,25
11459.0,Name463,,12,M,3,,1,25
13978.0,Name2982,,13,F,2,,3,25
12148.0,Name1152,,13,F,2,,3,25
12162.0,Name1166,,10,M,3,,2,25
13352.0,Name2356,,10,F,4,,2,25
14113.0,Name3117,,12,F,5,,2,25
11740.0,Name744,,10,M,4,,1,25
11540.0,Name544,,55,M,6,,2,25
14091.0,Name3095,,9,F,2,,3,25
13818.0,Name2822,,7,M,1,,19,22
11337.0,Name341,,12,F,5,,3,22
11112.0,Name116,,12,F,4,,1,22
13069.0,Name2073,,13,F,6,,1,22
11211.0,Name215,,10,F,2,,1,22
13716.0,Name2720,,90,F,2,,2,22
11525.0,Name529,,24,F,4,,1,22
11899.0,Name903,,10,F,4,,1,22
13607.0,Name2611,,10,M,5,,2,22
12436.0,Name1440,,12,F,4,,3,22
13703.0,Name2707,,12,M,3,,3,22
11969.0,Name973,,14,M,1,,3,22
13285.0,Name2289,,12,F,3,,2,22
11309.0,Name313,,9,F,4,,2,22
12168.0,Name1172,,10,F,1,,1,22
13462.0,Name2466,,12,M,5,,1,22
13614.0,Name2618,,8,F,3,,1,22
13416.0,Name2420,,37,F,2,,3,22
11359.0,Name363,,35,F,6,,3,22
11311.0,Name315,,8,M,6,,2,22
13977.0,Name2981,,7,M,5,,2,22
11122.0,Name126,,13,M,6,,2,22
12787.0,Name1791,,39,F,1,,3,28
11692.0,Name696,,37,F,6,,2,28
12190.0,Name1194,,12,F,4,,3,28
11163.0,Name167,,14,M,6,,2,28
13917.0,Name2921,,10,F,4,,1,28
11748.0,Name752,,7,F,8,,21,28
12934.0,Name1938,,15,F,5,,1,28
12514.0,Name1518,,7,M,6,,1,28
11037.0,Name41,,27,M,6,,3,28
12255.0,Name1259,,11,F,6,,2,28
13380.0,Name2384,,12,M,6,,3,28
13583.0,Name2587,,11,F,4,,2,28
11291.0,Name295,,19,M,3,,3,28
11083.0,Name87,,11,F,6,,1,28
14033.0,Name3037,,12,F,4,,1,28
13468.0,Name2472,,8,M,5,,2,28
13153.0,Name2157,,7,F,5,,1,28
12123.0,Name1127,,14,F,0,,2,28
11316.0,Name320,,12,M,6,,2,28
11201.0,Name205,,13,F,6,,2,28
12170.0,Name1174,,11,M,1,,19,28
11971.0,Name975,,13,F,7,,3,28
12188.0,Name1192,,61,F,3,,1,28
14094.0,Name3098,,11,M,4,,19,28
13983.0,Name2987,,7,F,6,,1,28
11402.0,Name406,,11,F,2,,3,28
13859.0,Name2863,,13,M,1,,1,28
13650.0,Name2654,,10,F,4,,3,28